Genre_nouveau;Sps_nouveau;Famille
Abies;alba;Pinaceae
Abies;balsamea;Pinaceae
Abies;cephalonica;Pinaceae
Abies;cilicica;Pinaceae
Abies;fraseri;Pinaceae
Abies;koreana;Pinaceae
Abies;nordmanniana;Pinaceae
Abies;numidica;Pinaceae
Abies;pinsapo;Pinaceae
Abies;sachalinensis;Pinaceae
Abies;spectabilis;Pinaceae
Acaena;adcendes;Rosaceae
Acaena;adscendens;Rosaceae
Acaena;anserinifolia;Rosaceae
Acaena;argentea;Rosaceae
Acaena;buchananii;Rosaceae
Acaena;caesiglanca;Rosaceae
Acaena;fissistipula;Rosaceae
Acaena;inermis;Rosaceae
Acaena;magellanica;Rosaceae
Acaena;microphylla;Rosaceae 
Acaena;muttifida;Rosaceae
Acaena;myriophylla;Rosaceae
Acaena;orolifolia;Rosaceae
Acaena;ovalifolia;Rosaceae
Acaena;pinnatifida;Rosaceae
Acantholimon;androsaceum;Plumbaginaceae
Acantholimon;glumaceum;Plumbaginaceae
Aceana;pinnatifida;
Acena;magelanica;
Acer;campestre;Aceraceae
Acer;monspessulanum;Aceraceae
Acer;opalus;Sapindaceae 
Acer;opalus;Aceraceae
Acer;platanoides;Aceraceae
Acer;pseudoplatanus;Aceraceae
Achillea;abrotanoida;Asteraceae
Achillea;ageratifolia;Asteraceae
Achillea;argentea;Asteraceae
Achillea;atrata;Asteraceae
Achillea;clavennae;Asteraceae
Achillea;clypeolata;Asteraceae
Achillea;dutoitii;Asteraceae
Achillea;erba-rotta;Asteraceae
Achillea;herba;Asteraceae
Achillea;impunctata;Asteraceae
Achillea;kellereri;Asteraceae
Achillea;kolbiana;Asteraceae
Achillea;marschlinsii;Asteraceae
Achillea;millefolium;Asteraceae
Achillea;nana;Asteraceae
Achillea;nobilis;Asteraceae
Achillea;ochroleuca;Asteraceae
Achillea;odorata;Asteraceae
Achillea;ptarmica;Asteraceae
Achillea;pyrenaica;Asteraceae
Achillea;setacea;Asteraceae
Achillea;setacea;Compositae 
Achillea;tomentosa;Asteraceae
Achillea;wilczekii;Asteraceae
Achillea;;Asteraceae
Achillea;argentea;Asteraceae
Achillea;kellereri;Asteraceae
Acinos;alpinus;Lamiaceae 
Acinos;arvensis;Lamiaceae 
Aconitum;_;Ranunculaceae 
Aconitum;altissiumum;Ranunculaceae
Aconitum;grignae;Ranunculaceae
Aconitum;napellus;Ranunculaceae
Aconitum;napellus;Ranunculaceae 
Aconitum;paniculatum;Ranunculaceae 
Aconitum;stoerkeanum;Ranunculaceae
Actacea;rubra;Ranunculaceae
Actaea;alba;Ranunculaceae
Actaea;rubra;Ranunculaceae
Actaea;heracleifolia;Ranunculaceae
Actaea;pachypoda;Ranunculaceae
Adenophora;stylora;Campanulaceae
Adenophora;tetraphylla;
Adenostyles;alliariae;Asteraceae
Adenostyles;alpina;Asteraceae
Adenostyles;leucophylla;Asteraceae
Adiantum;pedatum;Polypodiaceae
Adonis;amurensis;Ranunculaceae
Adonis;pyrenaica;Ranunculaceae
Adonis;vernalis;Ranunculaceae
Adonis;vernalis;Ranunculaceae 
Aegopodium;podagraria;Apiaceae
Aellanthenum;pyrenaeicum;Brassicaceae
Aethionema;antitaurus;Brassicaceae
Aethionema;arabicum;Brassicaceae 
Aethionema;armenum;Cruciferae
Aethionema;cappadocicum;Brassicaceae
Aethionema;cordatum;Brassicaceae
Aethionema;cordifolium;Brassicaceae
Aethionema;diastrophis;Brassicaceae
Aethionema;grandiflora;Brassicaceae
Aethionema;grandiflorum;Brassicaceae
Aethionema;iberideum;Brassicaceae 
Aethionema;saxatile;Brassicaceae 
Aethionema;stylorum;Brassicaceae
Aethionema;thomasiana;Brassicaceae
Aethionema;thomasianum;Brassicaceae
Aflartuwa;ulmifolia;
Agrimonia;eupatoria;Rosaceae
Agrimonia;gryposepala;Rosaceae
Agrimonia;pilos;Rosaceae
Agrimonia;procera;Rosaceae
Agropyron;sp;Poaceae
Agrostis;alpina;Poaceae
Agrostis;capillaris;Poaceae
Agrostis;curtisii;Poaceae
Agrostis;gigantea;Poaceae
Agrostis;rupestris;Poaceae
Agrostis;stolonifera;Poaceae
Aillium;hymenorrhizum,;Liliaceae
Ainus;rubra;Betulaceae
Ajuga;genevensis;Lamiaceae 
Alchemilla;acutidens;Rosaceae
Alchemilla;alpina;Rosaceae
Alchemilla;basaltica;Rosaceae
Alchemilla;bulgarica;Rosaceae
Alchemilla;caucasica;Rosaceae 
Alchemilla;conjuncta;Rosaceae
Alchemilla;coriacea;Rosaceae 
Alchemilla;decumbens;Rosaceae
Alchemilla;fabellata;Rosaceae
Alchemilla;glabra;Rosaceae
Alchemilla;hoppeana;Asteraceae
Alchemilla;hybrida;Asteraceae
Alchemilla;lapeyrousii;Rosaceae
Alchemilla;nitida;Rosaceae
Alchemilla;plicata;Rosaceae
Alchemilla;polens;Rosaceae
Alchemilla;saxatilis;Rosaceae
Alchemilla;serbica;Rosaceae
Alchemilla;sp.;Rosaceae
Alchemilla;subsericea;Rosaceae
Alchemilla;Thyttantha;Rosaceae
Alchemilla;vetteri;Rosaceae
Alchemilla;vulgaris;Rosaceae 
Alchemilla;xanthochlora;Rosaceae 
Alchemilla;;Rosaceae 
Aleum;flavum;
Aleum;sibiricum;
Alium;flavum;Liliaceae 
Alium;heldreichii;Liliaceae
Alleum;carinatum;Liliaceae
Allium;acutangulum;Liliaceae
Allium;angulosum;Liliaceae
Allium;caeruleum;Liliaceae
Allium;canadense;Liliaceae
Allium;carinatum;Amaryllidaceae
Allium;carinatum;Liliaceae
Allium;cernuum;Liliaceae
Allium;cernuum;Amaryllidaceae
Allium;Coloratum;Amaryllidaceae
Allium;cyaneleum;Liliaceae
Allium;cyathophorum;Amaryllidaceae
Allium;cyathophorum;Liliaceae
Allium;ensubricum;Liliaceae
Allium;ericetorum;Amaryllidaceae
Allium;flavum;Amaryllidaceae
Allium;flavum;Liliaceae
Allium;heldreichii;Amaryllidaceae
Allium;hymenorhizum;Amaryllidaceae
Allium;insubricum;Amaryllidaceae
Allium;insubricum;Liliaceae
Allium;komarovianum;Liliaceae
Allium;ledebourianum;Liliaceae
Allium;lineare;Amaryllidaceae
Allium;lusitanicum;Liliaceae
Allium;lusitanicum;Amaryllidaceae
Allium;moly;Amaryllidaceae
Allium;moly;Liliaceae
Allium;montanum;Liliaceae
Allium;narcissiflorum;Amaryllidaceae
Allium;nutans;Liliaceae
Allium;nutans;Amaryllidaceae
Allium;ochroleucum;Liliaceae
Allium;oleraceum;Amaryllidaceae
Allium;pendulinum;Amaryllidaceae
Allium;platyspathum;Amaryllidaceae
Allium;polyphyllum;Amaryllidaceae
Allium;polyphyllum;Liliaceae
Allium;scaberrimum;Amaryllidaceae
Allium;schoenoprasum;Amaryllidaceae
Allium;schoenoprasum;Liliaceae
Allium;senescens;Amaryllidaceae
Allium;senescens;Liliaceae
Allium;sibiricum;Liliaceae
Allium;sphaerocephalon;Amaryllidaceae
Allium;suaveolens;Liliaceae
Allium;ursinum;Amaryllidaceae
Allium;victorialis;Liliaceae
Allium;vineale;Amaryllidaceae
Allyssum;spinosum;Brassicaceae
Alnus;rubra;Betulaceae
Alnus;rugosa;Betulaceae
Alnus;viridis;Betulaceae 
Alopecurus;gerardi;Poaceae
Althaea;armeniaca;Malvaceae
Althaea;officinalis;Malvaceae 
Alyssoides;graeca;Brassicaceae
Alyssoides;utriculata;Brassicaceae
Alyssum;alpestre;Brassicaceae
Alyssum;argenteum;Brassicaceae
Alyssum;cuneifolium;Brassicaceae
Alyssum;montanum;Brassicaceae
Alyssum;murale;Brassicaceae 
Alyssum;saxatile;Brassicaceae
Alyssum;saxatilis;Brassicaceae
Alyssum;wulfenianum;Brassicaceae 
Amelanchier;canadensis;Rosaceae
Amelanchier;ovalis;Rosaceae 
Ameria;canescens;Plumbaginaceae
Anacylclus;depressus;
Anagallis;tenella;Primulaceae 
Anaphalis;cinnamomea;Asteraceae
Anaphalis;margaritacea;Asteraceae
Anaphalis;triplinervis;Asteraceae
Anarrhinum;bellidifolium;Plantaginaceae 
Anarrhinum;corsicum;Plantaginaceae 
Andrachne;colchica;Euphorbiaceae
Androcacea;cama;Primulaceae
Andromeda;polifolia;Ericaceae
Androsace;albana;Primulaceae 
Androsace;alpina;Primulaceae 
Androsace;carnea;Primulaceae
Androsace;chamaejasme;Primulaceae
Androsace;foliosa;Primulaceae
Androsace;helvetica;Primulaceae 
Androsace;kaso-polijanskii;Primulaceae 
Androsace;lactea;Primulaceae
Androsace;lactea;Primulaceae 
Androsace;languinosa;Primulaceae
Androsace;mollis;Primulaceae
Androsace;obtusifolia;Primulaceae 
Androsace;oculata;Primulaceae
Androsace;primuliflores;Primulaceae
Androsace;primuloides;Primulaceae
Androsace;sarmentosa;Primulaceae
Androsace;sempervivoides;Primulaceae
Androsace;septentrionalis;Primulaceae 
Androsace;strigillosa;Primulaceae 
Androsace;villosa;Primulaceae
Androsace;vitaliana;Primulaceae
Androsacea;sempervivoides;Primulaceae 
Androsaceae;pinuloid.;Primulaceae
Androsaceae;sarmentosa;Primulaceae
Androsaceae;strigillosa;Primulaceae
Anemonastrum;crinitum;Ranunculaceae
Anemone;altaica;Ranunculaceae
Anemone;baldensis;Ranunculaceae 
Anemone;barbulata;Ranunculaceae
Anemone;cylindrica;Ranunculaceae
Anemone;fasciculata;Ranunculaceae
Anemone;globosa;Ranunculaceae
Anemone;halleri;Ranunculaceae 
Anemone;hepatica;Ranunculaceae 
Anemone;hupehensis;Ranunculaceae
Anemone;leveillei;Ranunculaceae
Anemone;multifida;Ranunculaceae
Anemone;narcissiflolia;Ranunculaceae
Anemone;narcissiflora;Ranunculaceae
Anemone;nemorosa;Ranunculaceae
Anemone;pulsatilla;Ranunculaceae 
Anemone;rivularis;Ranunculaceae
Anemone;rupicola;Ranunc.
Anemone;scabiosa;Ranunculaceae 
Anemone;silvestris;Ranunculaceae
Anemone;sylvestris;Ranunculaceae
Anemone;tetrasepala;Ranunculaceae
Anemone;tomentosa;Ranunculaceae
Angelica;acutiloba;Apiaceae
Angelica;florentii;Apiaceae
Angelica;pubescens;Apiaceae
Angelica;razulii;Apiaceae
Antennaria;carpatica;Asteraceae
Antennaria;chilensis;Asteraceae
Antennaria;gaspensis;Asteraceae
Antennaria;hansii;Asteraceae
Antennaria;howellii;Asteraceae
Antennaria;magellanica;Asteraceae
Antennaria;nebrascensis;Asteraceae
Antennaria;neglecta;Asteraceae
Antennaria;petaloides;Asteraceae.
Antennaria;plantaginifolia;Asteraceae
Antennaria;rosea;Asteraceae
Antennaria;umbrinella;Asteraceae
Anthemis;biebersteiniana;Asteraceae
Anthemis;carpatica;Asteraceae
Anthemis;cretica;Asteraceae
Anthemis;melanoloma;Asteraceae
Anthemis;melanoma;Asteraceae
Anthemis;rudolphiana;Asteraceae
Anthemis;saxatilis;Asteraceae
Anthemis;tinctoria;Asteraceae
Anthemis;triumfetti;Asteraceae
Anthennaria;canadensis;Asteraceae
Anthericum;liliago;Asparagaceae 
Anthericum;liliago;Liliaceae
Anthericum;liliago;Asparagaceae
Anthericum;ramosum;Liliaceae
Anthericum;undulatum;Liliaceae
Anthoxanthum;odoratum;Poaceae
Anthyllis;jacquini;Fabaceae 
Anthyllis;montana;Fabaceae
Anthyllis;vulneraria;Fabaceae
Anthyllus;vulneraria;Fabaceae
Aphyllanthes;monspeliensis;Liliaceae 
Aquilegia;alpina;Ranunculaceae
Aquilegia;atrata;Ranunculaceae 
Aquilegia;bertolonii;Ranunculaceae
Aquilegia;canadensis;Ranunculaceae
Aquilegia;caucasica;Ranunculaceae
Aquilegia;chrysantha;Ranunculaceae
Aquilegia;Coernlia;Ranunculaceae
Aquilegia;coerulea;Ranunculaceae
Aquilegia;einseleana;Ranunculaceae 
Aquilegia;einseleana;Brassicaceae 
Aquilegia;elegantula;Ranunculaceae 
Aquilegia;formosa;Ranunculaceae
Aquilegia;karelinii;Ranunculaceae
Aquilegia;nevadensis;Ranunculaceae
Aquilegia;occysepala;Ranunculaceae
Aquilegia;pyrenaica;Ranunculaceae
Aquilegia;thalictrifolia;Ranunculaceae 
Aquilegia;transsilvanica;Ranunculaceae
Aquilegia;viridifolium;Ranunculaceae
Aquilegia;viscosa;Ranunculaceae 
Aquilegia;vulgaris;Ranunculaceae
Aquimonia;asialisa;Rosaceae ?
Arabis;collina;Brassicaceae 
Arabis;procurrens;Brassicaceae
Arabis;procurrens;Brassicaceae 
Arabis;soyeri;Brassicaceae
Arabis;subcoriacea;Brassicaceae 
Arabis;turrita;Brassicaceae 
Arabis;vochinensis;Brassicaceae 
Arabis;wilezeckii;Brassicaceae 
ArabisWilczecki,;Sund;Brassicaceae
Arctostaphylos;alpina;Ericaceae
Arctostaphylos;thymifolia;Ericaceae
Arctostaphylos;uva-ursi;Ericaceae
Arctostaphylus;alpinus;Ericaceae
Arctostaphylus;thymifolia;Ericaceae
Arctostaphylus;uva-ursi;Ericaceae
Aremonia;agrimonioides;Rosaceae 
Arenaria;alfacarensis;Caryophyllaceae
Arenaria;ciliata;Caryophyllaceae
Arenaria;gothica;Caryophyllaceae
Arenaria;gracilis;Caryophyllacea
Arenaria;grandiflora;Caryophyllaceae
Arenaria;gypsophiloides;Caryophyllaceae
Arenaria;montana;Caryophyllaceae
Arenaria;procera;Caryophyllaceae
Arenaria;pungens;Caryophyllaceae
Arenaria;purpurascens;Caryophyllaceae
Arenaria;purpurea;Caryophyllaceae
Arenaria;tetraquetra;Caryophyllaceae
Arisaema;atrorubens;
Arisaema;triphyllum;Araceae
Armeria;alliacea;Plumbaginaceae
Armeria;alpina;Plumbaginaceae
Armeria;arenaria;Plumbaginaceae
Armeria;juniperiphoria;Plumbaginaceae
Armeria;magellensis;Plumbaginaceae
Armeria;maritima;Plumbaginaceae
Armeria;miilleri;Plumbaginaceae
Armeria;pubinervis;Plumbaginaceae 
Arnica;chamissonis;Asteraceae
Arnica;jonchophylla;Asteraceae
Arnica;latifolia;Asteraceae
Arnica;lonchophylla;Asteraceae
Arnica;longifolia;Asteraceae
Arnica;mollis;Asteraceae
Arnica;montana;Asteraceae
Arnica;nevadensis;Compositae 
Arnica;sachalinensis;Asteraceae
Aronia;melanocarpa;Rosaceae 
Arrhenatherum;elatius;Poaceae
Artemisia;absinthioides;
Artemisia;absinthium;Asteraceae
Artemisia;alba;Asteraceae
Artemisia;argentea;Asteraceae
Artemisia;atrata;Compositae 
Artemisia;atrata;Asteraceae 
Artemisia;biasolettiana;Asteraceae
Artemisia;borealis;Asteraceae
Artemisia;campestris;Asteraceae
Artemisia;caucasica;Asteraceae
Artemisia;chamaemelifolia;Asteraceae
Artemisia;douglasiana;Asteraceae
Artemisia;dracunculus;Asteraceae
Artemisia;eriantha;Asteraceae
Artemisia;gabriellee;Asteraceae
Artemisia;genipi;Asteraceae
Artemisia;glacialis;Asteraceae
Artemisia;gmelinii;Asteraceae
Artemisia;granatensis;Asteraceae
Artemisia;ifranensis;Asteraceae
Artemisia;laxa;Asteraceae
Artemisia;ludoviciana;Asteraceae
Artemisia;molinieri;Asteraceae
Artemisia;nivalis;Asteraceae
Artemisia;orientalis;Asteraceae
Artemisia;pamirica;Asteraceae
Artemisia;petrosa;Asteraceae
Artemisia;polaris;Asteraceae
Artemisia;pontica;Asteraceae
Artemisia;rupestris;Asteraceae
Artemisia;santalinifolia;Asteraceae
Artemisia;spicata;Asteraceae
Artemisia;tournefortiana;Asteraceae
Artemisia;umbelliformis;Asteraceae
Artemisia;vallesiaca;Asteraceae
Artemisia;vulgaris;Asteraceae
Arthemisia;cretatia;Asteraceae
Arum;italicum;Araceae
Arum;maculatum;Araceae
Aruncus;dioicus;Rosaceae 
Aruncus;dioicus;Rosaceae
Asarum;caudatum;Aristolochiaceae
Asarum;europaeum;Aristolochiaceae
Asclepias;speciosa;Asclepiadaceae
Asclepias;syriaca;Asclepiataceae
Asperula;arvensis;Rubiaceae 
Asperula;capitata;Rubiaceae
Asperula;purpurea;Rubiaceae 
Asperula;tinctoria;Rubiaceae
Asperuta;aristata;Rubiaceae 
Asphodeline;liburnica;
Asphodeline;liburnica;Xanthorrhoeaceae 
Asphodeline;lutea;
Asphodeline;nutea;
Asphodeline;taurica;
Asphodelus;albus;Xanthorrhoeaceae
Asphodelus;albus;Liliaceae
Asphodelus;albus;Xanthophyllaceae 
Asphodelus;albus;Xanthorrhoeaceae 
Asphodelus;villarsii;Liliaceae
Asplenium;adiantum-nigrum;Aspleniaceae
Asplenium;fontanum;Aspleniaceae
Asplenium;ruta-muraria;Polypodiaceae
Asplenium;ruta-muraria;Aspleniaceae
Asplenium;scolopendrium;Polypodiaceae
Asplenium;trichomanes; Aspleniaceae * (Polypodiaceae p.p.)
Aster;alpinus;Asteraceae
Aster;amellus;Asteraceae
Aster;bellidiastrum;Asteraceae
Aster;canus;Asteraceae
Aster;cordifolius;Asteraceae
Aster;diiculatus;Asteraceae
Aster;foliaceus;Asteraceae
Aster;laevis;Asteraceae
Aster;laterifloris;Asteraceae
Aster;linosyris;Asteraceae
Aster;modestus;Asteraceae
Aster;paurus;Asteraceae
Aster;purdomi;Asteraceae
Aster;purtomii;Asteraceae
Aster;pyrenaeus;Asteraceae
Aster;pyrenaicus;Asteraceae
Aster;serpentimontanus;Asteraceae
Aster;sibiricus;Asteraceae
Aster;simplex;
Aster;subintegerrimus;Asteraceae
Aster;tongolensis;Asteraceae
Aster;tradescanti;Asteraceae
Aster;tradescantii;Asteraceae
Aster;umbellatum;Asteraceae
Astragallus;cicer;Fabaceae
Astragalus;alopecurus;Fabaceae 
Astragalus;alpinus;Fabaceae
Astragalus;australis;Fabaceae
Astragalus;centroalpinus;Fabaceae
Astragalus;cicer;Fabaceae 
Astragalus;danicus;Fabaceae 
Astragalus;falcatus;Fabaceae
Astragalus;fragrans;Fabaceae
Astragalus;incanus;Fabaceae 
Astragalus;monspessulanus;Fabaceae 
Astragalus;onobrychis;Fabaceae 
Astragalus;ponticus;Fabaceae
Astragalus;sempervirens;Fabaceae
Astragalus;sieversianus;Fabaceae
Astragalus;siriacus;Fabaceae
Astragalus;tragacantha;Fabaceae 
Astrantia;major;Apiaceae
Astrantia;minor;Apiaceae
Astrantia;pontica;Apiaceae
Asyneuma;canescens;
Athamanta;cretensis;Apiaceae
Athamanta;curbith;Apiaceae
Athamanta;turbith;Apiaceae
Athionema;armenum;Brassicaceae
Athyrium;filix-femina;Polypodiaceae
Atropa;belladonna;Solanaceae 
Aubricula;gracilis;
Aubrieta;deltoidea;Brassicaceae
Aubrieta;pinardii;Brassicaceae
Aurinia;saxatilis;Brassicaceae
Authericum;liliago;Liliaceae
Azorella;trifurcata;Apiaceae
Banffia;petraea;
Bassia;prostrata;Amaranthaceae
Bellium;bellidioides;Asteraceae
Berberis;darwinii;Berberidaceae
Berberis;aetnensis;Berberidaceae
Berberis;amurensis;Berberidaceae
Berberis;angulosa;Berberidaceae
Berberis;aquifolium;Berberidaceae
Berberis;canadensis;Berberidaceae
Berberis;candidula;Berberidaceae
Berberis;clavinii;Berberidaceae
Berberis;concinna;Berberidaceae
Berberis;empetrifolia;Berberidaceae
Berberis;hispanica;Berberidaceae
Berberis;jaeschkeana;Berberidacea
Berberis;julianae;Berberidaceae
Berberis;oblonga;Berberidaceae
Berberis;poiretii;Berberidaceae
Berberis;sp.;Berberidaceae
Berberis;stenophylla;Berberidaceae
Berberis;turcomanica;Berberidaceae
Berberis;vulgaris;Berberidaceae
Bergenia;cordifolia;Saxifragaceae
Bergenia;crassifolia;Saxifragaceae
Bergenia;pacifica;Saxifragaceae
Bergenia;stracheyi;Saxifragaceae
Betonica;alspeculus;Lamiaceae
Betonica;officinalis;Lamiaceae
Betula;davurica;Betulaceae 
Betula;humilis;Betulaceae
Betula;nana;Betulaceae
Betula;papyrifera;Betulaceae 
Betula;pendula;Betulaceae 
Betula;platyphylla;Betulaceae
Betula;pumila;Betulaceae
Betula;raddeana;Betulaceae
Betula;sp.;Betulaceae
Biscutella;laevigata;Brassicaceae
Biscutella;scaposa;Brassicaceae
Blechnum;spicant;Blechnaceae
Borderea;pyrenaica;
Bothriochloa;ischaemum;Poaceae
Brachypodium;retusum;Poaceae
Brachypodium;rupestre;Poaceae
Brachypodium;sp;Poaceae
Brassica;repanda;Brassicaceae 
Brimeura;amethystina;Asparagaceae
Brimeura;fastigiata;Asparagaceae
Bromus;commutatus;Poaceae
Bromus;secalinus;Poaceae
Brunnera;macrophylla;Boraginaceae
Bufonia;paniculata;Caryophyllaceae
Bulbinella;angustifolia;
Bulbinella;hookeri;
Bulbocodium;vernum;Colchicaceae 
Bunium;alpinum;Apiaceae
Buphthalmum;salicifolium;Asteraceae
Bupleurum;angulosum;Apiaceae
Bupleurum;falcatum;Apiaceae
Bupleurum;longifolium;Apiaceae
Bupleurum;ranunculoides;Umbelliferae 
Bupleurum;ranunculoides;Apiaceae
Bupleurum;stellatum;Apiaceae
Buxus;sempervirens;Buxaceae 
Caespitosum;;Apiaceae
Calamintha;clinapodium;Lamiaceae
Calamintha;menthifolia;Lamiaceae 
Calamintha;nepeta;Lamiaceae 
Callianithium;kernerianum;
Calluna;vulgaris;Ericaceae
Caltha;palustris;Ranunculaceae
Caltha;polypetala;Ranunculaceae
Camassia;leichtlinii;Asparagaceae
Campanula;albicans;Campanulaceae
Campanula;alliariifolia;Campanulaceae
Campanula;alpestris;Campanulaceae
Campanula;barbata;Campanulaceae
Campanula;callina;Campanulaceae
Campanula;carpatica;Campanulaceae
Campanula;cenisia;Campanulaceae
Campanula;cervicaria;Campanulaceae
Campanula;cochlearifolia;Campanulaceae
Campanula;cochleariifolia;Campanulaceae
Campanula;collina;Campanulaceae
Campanula;elatines;Campanulaceae
Campanula;excisa;Campanulaceae
Campanula;glomerata;Campanulaceae
Campanula;inosa;Campanulaceae
Campanula;lactiflora;Campanulaceae
Campanula;latifolia;Campanulaceae
Campanula;medium;Campanulaceae
Campanula;nitida;Campanulaceae
Campanula;persicifolia;Campanulaceae
Campanula;poscharskyana;Campanulaceae
Campanula;punctata;Campanulaceae
Campanula;rapunculoides;Campanulaceae
Campanula;rhomboidalis;
Campanula;rotundifolia;Campanulaceae
Campanula;sarmetica;Campanulacea
Campanula;saxifraga;Campanulaceae
Campanula;scheuchzeri;Campanulaceae
Campanula;spicata;Campanulaceae
Campanula;stevenii;Campanulaceae
Campanula;thyrsoides;Campanulaceae
Campanula;trachelium;Campanulaceae
Campanula;tridentata;Campanulaceae
Caragana;arborescens;Fabaceae
Caragana;boisii;Fabaceae 
Caragana;maximoviczii;Fabaceae 
Cardamine;heptaphylla;Brassicaceae
Cardamine;pentaphyllos;Brassicaceae
Cardaminopsis;arenosa;Brassicaceae
Carduncellus;monspelliensis;Asteraceae
Carduncellus;rhaponticoides;Asteraceae
Carduus;carlinoides;Asteraceae
Carduus;defloratus;Asteraceae
Carduus;nutans;Asteraceae
Carex;atrofusca;Cyperaceae
Carex;bohemica;Cyperaceae
Carex;divisa;Cyperaceae
Carex;ferruginea;Cyperaceae
Carex;flava;Cyperaceae
Carex;leersii;Cyperaceae
Carex;liparocarpos;Cyperaceae
Carex;parviflora;Cyperaceae
Carex;tomentosa;Cyperaceae
Carex;arenaria;Cyperaceae
Carex;atrata;Cyperaceae
Carex;baldensis;Cyperaceae
Carex;bicolor;Cyperaceae
Carex;canescens;Cyperaceae
Carex;capillaris;Cyperaceae
Carex;caucasica;Cyperaceae
Carex;curvula;Cyperaceae
Carex;digitata;Cyperaceae
Carex;divisa;Cyperaceae
Carex;divulsa;Cyperaceae
Carex;elata;Cyperaceae
Carex;ericetorum;Cyperaceae
Carex;ferruginea;Cyperaceae
Carex;firma;Cyperaceae
Carex;halleriana;Cyperaceae
Carex;humilis;Cyperaceae
Carex;kobomugi;Cyperaceae
Carex;lachenalii;Cyperaceae
Carex;macloviana;Cyperaceae
Carex;microglochin;Cyperaceae
Carex;morrowii;Cyperaceae
Carex;norvegica;Cyperaceae
Carex;ornithopoda;Cyperaceae
Carex;ornithopodioides;Cyperaceae
Carex;otrubae;Cyperaceae
Carex;panicea;Cyperaceae
Carex;pauciflora;Cyperaceae
Carex;pendula;Cyperaceae
Carex;pilulifera;Cyperaceae
Carex;projecta;Cyperaceae
Carex;pulicaris;Cyperaceae
Carex;remota;Cyperaceae
Carex;riparia;Cyperaceae
Carex;rostrata;Cyperaceae
Carex;rupestris;Cyperaceae
Carex;sempervirens;Cyperaceae
Carex;spicata;Cyperaceae
Carex;sylvatica;Cyperaceae
Carex;vesicaria;Cyperaceae
Carex ;cuprina;Cyperaceae
Carex ;curvula;Cyperaceae
Carex ;firma;Cyperaceae
Carex ;halleriana;Cyperaceae
Carex ;ornithopoda;Cyperaceae
Carex ;stenophylla;Cyperaceae
Carlina;acanthifolia;Asteraceae
Carlina;acaulis;Asteraceae
Carlina;biebersteinii;Asteraceae
Carlina;macrocephala;Asteraceae
Carpesium;cernuum;Asteraceae
Carthamus;carduncellus;Asteraceae
Carum;appuanum;Apiaceae
Carum;rigidum;Apiaceae
Cassiope;fastigiata;Ericaceae
Cassiope;mertensiana;Ericaceae
Cassiope;sp;Ericaceae
Catananche;caerulea;Asteraceae
Centaurea;arenaria;Asteraceae
Centaurea;atropurpurea;Asteraceae
Centaurea;bracteata;Asteraceae
Centaurea;carpatica;Asteraceae
Centaurea;clebeauxi;Asteraceae
Centaurea;fischeri;Asteraceae
Centaurea;haynaldii;Asteraceae
Centaurea;kotschiana;Asteraceae
Centaurea;montana;Asteraceae
Centaurea;nemoralis;Compositae 
Centaurea;nemoralis;Asteraceae
Centaurea;nervosa;Asteraceae
Centaurea;nigra;Asteraceae
Centaurea;nigrescens;Asteraceae
Centaurea;orientalis;Asteraceae
Centaurea;paniculata;Asteraceae
Centaurea;pseudophrygia;Asteraceae
Centaurea;pullata;Asteraceae
Centaurea;scabiosa;Asteraceae
Centaurea;schantarense;Asteraceae
Centaurea;simplicicaulis;Asteraceae
Centaurea;triumfettii;Asteraceae
Centaurea;uniflora;Asteraceae
Centaurea;valesiaca;Asteraceae
Centaurea;;Compositae 
Centaurium;erythraea;Gentianaceae 
Centranthus;angustifolius;Caprifoliaceae
Cephalaria;ambrosoeide;Dipsacaceae
Cephalaria;gigantea;Dipsacaceae
Cephalaria;gigantea;Caprifoliaceae
Cephalaria;sqamifolia;Dipsacaceae
Cerastium;alpinum;Caryophyllaceae
Cerastium;apuanum;Caryophyllaceae
Cerastium;argenteum;Caryophyllaceae
Cerastium;arvense;Caryophyllaceae
Cerastium;austroalpinum;Caryophyllacea
Cerastium;bibersteinii;Caryophyllacea
Cerastium;boissieri;Caryophyllaceae
Cerastium;candidissimum;Caryophyllaceae
Cerastium;eriophorum;Caryophyllaceae
Cerastium;grandiflorum;Caryophyllaceae
Cerastium;lamatum;Caryophyllaceae
Cerastium;latifolium;Caryophyllaceae
Cerastium;soleirolii;Caryophyllaceae
Cerastium;thomasii;Caryophyllaceae
Cerastium;tomentosum;Caryophyllaceae
Chaenorrhinum;origanifolium;Scrophulariaceae
Chaerophyllum;aureum;
Chaerophyllum;elegans;Apiaceae
Chamaecyparis;lawsoniana;Cupressaceae
Chamaecyparis;obtusa;Cupressaceae
Chamaecyparis;pisifera;Cupressaceae
Chamaecytisus;aggregatus;Fabaceae 
Chamaecytisus;albus;Fabaceae
Chamaecytisus;caucasicus;Fabaceae
Chamaecytisus;hirsutus;Fabaceae 
Chamaecytisus;leiocarpus;Fabaceae 
Chamaecytisus;purpureus;Fabaceae
Chamaecytisus;ratisbonensis;Fabaceae 
Chamaemelum;nobile;Asteraceae
Chamaemelum;tchihatchevii;
Chelidonium;majus;Papaveraceae
Chrysanthemum;atratum;Asteraceae
Chrysanthemum;coccineum;Asteraceae
Chrysanthemum;leucanthemum;Asteraceae
Chrysogonum;virginianum;
Chrysosplenium;alternifolium;Saxifragaceae
Cicerbita;plumieri;Asteraceae
Circaea;alpina;Onagraceae
Cirsium;acaulon;Asteraceae
Cirsium;atrum;Asteraceae
Cirsium;candelabrum;Asteraceae
Cirsium;carnioficum;Asteraceae
Cirsium;eriophorum;Asteraceae
Cirsium;errisithales;Asteraceae
Cirsium;oleraceum;Asteraceae
Cirsium;tuberosum;Asteraceae
Cirsium;velensuskyi;Asteraceae
Clematis;alpina;Ranunculaceae 
Clematis;ligusticifolia;Ranunculaceae 
Clematis;orientalis;Ranunculaceae
Clematis;recta;Ranunculaceae
Clematis;stans;Ranunculaceae
Clematis;tangutica;Ranunculaceae
Clematis;texensis;Ranunculaceae 
Clematis;vitalba;Ranunculaceae 
Clinopodium;alpinum;Lamiaceae 
Clinopodium;dalmaticum;Lamiaceae Lamiaceae 
Clinopodium;grandiflorum;Lamiaceae 
Clinopodium;menthifolium;Lamiaceae 
Clinopodium;nepeta;Lamiaceae 
Clinopodium;vulgare;Lamiaceae 
Cochlearia;tatrae;Brassicaceae 
Codonopsis;silvestris;
Codonopsis;viridiflora;
Coetusa;matiali;Primulaceae
Colchicum;alpinum;Colchicaceae 
Colchicum;autumnale;Colchicaceae 
Colchicum;cilicicum;Liliaceae
Colchicum;sp.;Colchicaceae 
Colchicum;speciosum,;Liliaceae
Colula;squalida;
Colutea;arborescens;Fabaceae
Colutea;istria;Fabaceae
Colutea;orientalis;Fabaceae 
Comarum;palustre;Rosaceae
Conopodium;majus;Apiaceae
Conopsis?;cardiophylla;
Convallaria;majalis;Asparagaceae
Convallaria;majalis;Liliaceae
Coprosma;petriei;Rubiaceae
Coreopsis;saxicola;
Coreopsis;tripleris;
Coreopsis;verticillata;Asteraceae
Coristospermum;lucidum;Apiaceae
Cornus;canadensis;Cornaceae
Cornus;sanguinea;Cornaceae 
Cornus;sericea;Cornaceae
Cornus;stolonifera;Cornaceae
Coronilla;cappadocica;Fabaceae
Coronilla;coronata;Fabaceae
Coronilla;vaginalis;Fabaceae
Cortusa;matthioli;Primulaceae 
Cortusa;matthiolii;Primulaceae
Cortusa;sp;Primulaceae 
Cortusa;turcestanica;Primulaceae
Corydalis;cava;Papaveraceae
Corydalis;flexuosa;Fumariaceae
Corydalis;lutea;Fumariaceae
Corydalis;solida;Papaveraceae 
Corylus;avellana;Betulaceae
Corylus;tibetica;Betulaceae 
Cotinus;coggygria;Anacardiaceae
Cotoneaster;adpressa;Rosaceae
Cotoneaster;adpressus;Rosaceae 
Cotoneaster;apiculata;Rosaceae
Cotoneaster;bullata;Rosaceae 
Cotoneaster;congesta;Rosaceae
Cotoneaster;congestus;Rosaceae
Cotoneaster;dammeri;Rosaceae
Cotoneaster;damneri;Rosaceae 
Cotoneaster;glaucophyllus;Rosaceae
Cotoneaster;harrysmithii;Rosaceae
Cotoneaster;horeontalis;Rosaceae 
Cotoneaster;horizontalis;Rosaceae 
Cotoneaster;integerrima;Rosaceae
Cotoneaster;microphylla;Rosaceae
Cotoneaster;microphyllus;Rosaceae
Cotoneaster;nebrodensis;Rosaceae 
Cotoneaster;sp.;Rosaceae 
Cotoneaster;splendens;Rosaceae 
Cotoneaster;tomentosus;Rosaceae
Cotoneaster;torentosus;Rosaceae
Cotula;squalida;
Crataegus;fl.-pheno;Rosaceae 
Crataegus;kyrtostyla;Rosaceae 
Crataegus;laevigata;Rosaceae 
Crataegus;macrantha;Rosaceae
Crataegus;orientalis,;Rosaceae
Crepis;albida;Compositae 
Crepis;aurea;Asteraceae
Crepis;pulchra;Asteraceae
Crepis;pygmaea;Asteraceae
Crepis;pyrenaica;Asteraceae
Crocus;albiflorus;Iridaceae
Crocus;corsicus;Iridaceae 
Crocus;heuffelianus;Iridaceae 
Crocus;nudiflorus;Iridaceae
Crocus;sativus;Iridaceae 
Crocus;tommasinianus;Iridaceae 
Crocus;xonatus;Iridaceae
Crucianella;angustifolia;Rubiaceae 
Crucianella;stylosa;Rubiaceae
Cruciata;glabra;Rubiaceae 
Cryptogramma;crispa;Pteridaceae 
Cucubalus;baccifer;Caryophyllaceae
Cupressus;nootkatensis;Cupressaceae
Cyananthus;lobatus;Campanulaceae
Cyanus;montanus;Asteraceae
Cyclamen;coum;Primulaceae 
Cyclamen;europaeum;Primulaceae
Cyclamen;fatrense;Primulaceae 
Cyclamen;hederifolium;Primulaceae 
Cyclamen;purpurascens;Primulaceae 
Cyclamen;repandum;Primulaceae 
Cylancum;chinense;
Cymbalaria;hepaticifolia;Scrophulariaceae
Cymbalaria;hepaticifolia;Plantaginaceae 
Cynanchum;vincetoxicum;Asclepiadaceae
Cynoglossum;officinale;Boraginaceae 
Cynosurus;cristatus;Poaceae
Cypripedium;calceolus;Orchidaceae
Cypripedium;californicum;Orchidaceae
Cypripedium;cordigerum;Orchidaceae
Cypripedium;macranthos;Orchidaceae 
Cypripedium;macranthum;Orchidaceae
Cypripedium;pubescens;Orchidaceae
Cypripedium;reginae;Orchidaceae
Cypripedium;tibeticum;Orchidaceae 
Cypripedium;yatabeanum;Orchidaceae
Cystopteris;alpina;Polypodiaceae
Cytisius;sagittalis;Fabaceae
Cytisophyllum;sessilifolium;Fabaceae 
Cytisus;albus;Fabaceae
Cytisus;ardoini;Fabaceae 
Cytisus;austriacus;Fabaceae
Cytisus;decumbens;Fabaceae
Cytisus;elongatus;Fabaceae 
Cytisus;emeriflorus;Fabaceae
Cytisus;hirsutus;Fabaceae 
Cytisus;lindemanii;Fabaceae
Cytisus;nigrans;Fabaceae
Cytisus;nigricans;Fabaceae
Cytisus;purgans;Fabaceae
Cytisus;purpureus;Fabaceae
Cytisus;radiolatus;Fabaceae
Cytisus;ruthenicus;Fabaceae 
Cytisus;sagittalis;Fabaceae
Cytisus;sauzeanus;Fabaceae 
Cytisus;scoparius;Fabacea
Cytisus;sessilifolius;Fabaceae
Cytisus;supinus;Fabaceae
Dactilys;glomerata;Poaceae
Dactylorhiza;fuchsii;Orchidaceae
Dactylorhiza;maculata;Orchidaceae
Dactylorhiza;sambucina;Orchidaceae 
Daphna;arruscula;Thymeliaceae
Daphne;alpina;Thymelaeaceae 
Daphne;arbuscula;Thymelaeaceae 
Daphne;blagayana;Thymelaeaceae
Daphne;cneorum;Thymelaeaceae
Daphne;culorum;Thymelaeaceae
Daphne;glomerata;Thymelaeaceae
Daphne;laureola;Thymelaeaceae
Daphne;mezereum;Thymelaeaceae
Daphne;mezereum;Thymelaeaceae
Daphne;oleoides;Thymelaeaceae
Daphne;petraea;Thymelaeaceae 
Daphne;petraea;Thymelaeaceae
Daphne;pontica;Thymelaeaceae
Daphne;rossettii;Thymeaeacea
Daphne;striata;Thymelaeaceae 
Daphne;verlotti;Thymeliaceae
Daytylorhiza;fuchsii;Orchidaceae
Degenia;Leising.;Brassicaceae 
Delphinium;elatum;Ranunculaceae
Delphinium;grandiflorum;Ranunculaceae
Delphinium;tatsienense;Ranunculaceae 
Dendranthema;weyrichii;Asteraceae
Dentaria;glandulosa;Brassicaceae
Dentaria;pentaphyllos;Brassicaceae
Deracocephalum;tangulicum;
Deschampsia;botnica;Poaceae
Deschampsia;flexuosa;Poaceae
Deutzia;magnifica;Hydrangeaceae 
Dianthus;alpinus;Caryophyllaceae
Dianthus;alpinusneglectus;Caryophyllaceae
Dianthus;anatolicus;Caryophyllaceae
Dianthus;arenarius;Caryophyllaceae
Dianthus;armeria;Caryophyllaceae
Dianthus;arrosti;Caryophyllaceae
Dianthus;arvensis;
Dianthus;balbisii;Caryophyllaceae
Dianthus;barbatus;Caryophyllaceae
Dianthus;bebius;Caryophyllaceae
Dianthus;brachianthus;Caryophyllaceae
Dianthus;capillatus;Caryophyllaceae
Dianthus;capitatus;Caryophyllaceae
Dianthus;careillifour;Caryophyllaceae
Dianthus;carthusianorum;Caryophyllaceae
Dianthus;caucasicus;Caryophyllaceae
Dianthus;collinus;Caryophyllaceae
Dianthus;crinilus;Caryophyllaceae
Dianthus;crinitus;Caryophyllaceae
Dianthus;deltoides;Caryophyllaceae
Dianthus;dintinus;Caryophyllaceae
Dianthus;equalectus;Caryophyllaceae
Dianthus;ficheri;Caryophyllaceae
Dianthus;furcatus;Cypripediaceae 
Dianthus;furcatus;Caryophyllaceae
Dianthus;gallicus;Caryophyllaceae
Dianthus;giganteus;Caryophyllaceae
Dianthus;gracilis;Caryophyllaceae
Dianthus;graniticus;Caryophyllaceae
Dianthus;gratianapolitanus;Caryophyllaceae
Dianthus;gratianopolitanus;Caryophyllaceae
Dianthus;haematocalyx;Caryophyllaceae
Dianthus;hirtus;Caryophyllaceae
Dianthus;humilis;Caryophyllaceae
Dianthus;hungaricus;Caryophyllaceae
Dianthus;hyssopifolius;Caryophyllaceae
Dianthus;integer;Caryophyllaceae
Dianthus;kitaibelii;Caryophyllaceae
Dianthus;knappii;Caryophyllaceae
Dianthus;latifolus;Caryophyllaceae
Dianthus;laricifolius;Caryophyllaceae
Dianthus;lusitanicus;Caryophyllaceae
Dianthus;malacitanus,;Caryophyllaceae
Dianthus;marschallii;Caryophyllaceae
Dianthus;microlepis;Caryophyllaceae
Dianthus;minutiflorus;Caryophyllaceae
Dianthus;monspessulanus;Caryophyllaceae
Dianthus;multiflorus;Caryophyllaceae
Dianthus;nitidus;Caryophyllaceae
Dianthus;pallens;Caryophyllaceae
Dianthus;patraeus;Caryophyllaceae
Dianthus;pavonius;Caryophyllaceae
Dianthus;petraeus;Caryophyllaceae
Dianthus;pinifolius;Caryophyllaceae
Dianthus;plumarius;Caryophyllaceae
Dianthus;plumarius;Cypripediaceae 
Dianthus;pontederae;Caryophyllaceae
Dianthus;praecox;Caryophyllaceae
Dianthus;preobrachenskii;Caryophyllaceae
Dianthus;pungens;Caryophyllaceae
Dianthus;scaber;Caryophyllaceae
Dianthus;seguieri;Caryophyllaceae
Dianthus;serotinus;Caryophyllaceae
Dianthus;serplivus;Caryophyllaceae
Dianthus;silvestris;Caryophyllacea
Dianthus;simulans;Caryophyllaceae
Dianthus;sp.;Caryophyllaceae
Dianthus;spiculifolius;Caryophyllaceae
Dianthus;stenopetalus;Caryophyllaceae
Dianthus;sternbergii;Caryophyllaceae
Dianthus;sternbergii;Cypripediaceae 
Dianthus;strictus;Caryophyllaceae
Dianthus;subacaulis;Caryophyllaceae
Dianthus;sundermannii;Caryophyllaceae
Dianthus;sylvestris;Caryophyllaceae
Dianthus;tatrae;Caryophyllaceae
Dianthus;thianschanicum;Caryophyllaceae
Dianthus;thianschanieth;Caryophyllaceae
Dianthus;tymphresteus;Caryophyllaceae
Diascia;lilacina;
Diathus;arenaria;Caryophyllaceae
Dicentra;formosa;Fumariaceae
Dictamnus;albus;Rutaceae
Digitalis;grandiflora;Plantaginaceae 
Digitalis;grandiflora;Scrophulariaceae
Digitalis;micrantha;Plantaginaceae 
Digitalis;parviflora;Scrophulariaceae 
Digitalis;purpurea;Scrophulariaceae
Digitalis;purpurea;Plantaginaceae 
Digitalis;;Scrophulariaceae
Dinthus;banaticus;Caryophyllaceae
Dioscolea;caucasica;
Dioscorea;balcanca;
Dioscorea;pilosa;
Dioscorea;pyrenaica;
Dioscorea;quaternata;
Dioscorea;villosa;
Dodecateom;poeticum;
Dodecatheon;jeffreyi;
Dodecatheon;macrocarpa;
Dodecatheon;meadia;Primulaceae 
Doroniam;perdalianches;Asteraceae
Doronicum;austriacum;Asteraceae
Doronicum;columnae;Asteraceae
Doronicum;pardalianches;Asteraceae
Doronicum;plantagineum;Asteraceae
Douglasia;laevigata;Primulaceae
Draba;aizoides;Brassicaceae 
Draba;alpina;Brassicaceae
Draba;arabisans;Brassicaceae
Draba;aspera;Brassicaceae 
Draba;bruneifolia;Brassicaceae
Draba;dedeana;Brassicaceae 
Draba;dubia;Brassicaceae 
Draba;fladnizensis;Brassicaceae 
Draba;hispanica;Cruciferae
Draba;hoppeana;Brassicaceae 
Draba;incana;Brassicaceae 
Draba;kellereri;Brassicaceae
Draba;lasiocarpa;Brassicaceae
Draba;norvegica;Brassicaceae
Draba;olympica;Brassicaceae
Draba;rigida;Brassicaceae 
Draba;scabra;Brassicaceae
Draba;scandinavica;Brassicaceae
Draba;siliquosa;Brassicaceae 
Dracocephalum;austriacum;Lamiaceae
Dracocephalum;bothryoides;Lamiaceae
Dracocephalum;bullatum;Lamiaceae
Dracocephalum;fanguticum;Lamiaceae
Dracocephalum;forrestii;Lamiaceae
Dracocephalum;grandiflorum;Lamiaceae
Dracocephalum;renati;Lamiaceae
Dracocephalum;ruyschiana;Lamiaceae
Drosera;rotundifolia;Droseraceae 
Dryas;caucasica;Rosaceae
Dryas;drummondii;Rosaceae
Dryas;hookeriana;Rosaceae
Dryas;integrifolia;Rosaceae 
Dryas;octopetala;Rosaceae
Dryas;sundermannii;Rosaceae
Drymocallis;rupestris;Rosaceae 
Dryopteris;dilatata;Dryopteridaceae
Dryopteris;expansa;Dryopteridaceae
Duclasia;laevigata;Primulaceae
Dysosma;versipellis;Berberidaceae
Echinacea;purpurea;Asteraceae
Echinops;ritro;Asteraceae
Echinops;sphaerocephalus;Asteraceae
Echinops;tschinganicus;Asteraceae
Echinospartum;horridum;Fabaceae 
Echium;rubrum;Boraginaceae
Echium;russicum;Boraginaceae
Edraianthus;dalmaticus;Campanulaceae
Edraianthus;lenuifolius;Campanulaceae
Elymus;arenarius;Poaceae
Elyna;myosuroides;Cyperaceae
Empetrum;nigrum;Ericaceae
Empodophylum;hexandrum;
Endressia;pyrenaica;Apiaceae
Ephedra;gerardiana;Ephedraceae
Ephedra;helvetica;Ephedraceae
Ephedra;sp.;Ephedraceae
Epilobium;adenocaulon;Onagraceae
Epilobium;angustifolium;Onagraceae
Epilobium;fleischeri;Onagraceae
Epilobium;luteum;Onograceae
Epilobium;nummularifolium;Onagraceae
Epilobium;nutans;Onagraceae
Epilobium;sp.;Onagraceae
Epimedium;alpinum;Berberidaceae
Epimedium;pinnatum;Berberidaceae
Epipactis;atrorubens;Orchidaceae
Epipactis;helleborine;Orcideaceae
Equisetum;iegatum;Equisetaceae
Equisetum;pratense;Equisetaceae
Eremogone;gypsophiloides;Caryophyllaceae
Eremogone;polaris;Caryophyllaceae
Eremogone;rigida;Caryophyllaceae
Eremogone;saxatilis;Caryophyllaceae
Eremurus;altaicus;
Eremurus;regelii;
Eremurus;robustus;
Eri..ctium;stricta;
Erica;carnea;Ericaceae
Erica;Herbacea;Ericaceae
Erica;segans;Ericaceae
Erica;vagans;Ericaceae
Erica;williamsii;Ericaceae
Erigeron;atticus;Asteraceae
Erigeron;belligifolius;Asteraceae
Erigeron;cespitosus;Asteraceae
Erigeron;compositus;Asteraceae
Erigeron;eatonii;Asteraceae
Erigeron;glabellus;Asteraceae
Erigeron;grandiflorus;Asteraceae
Erigeron;howellii;Asteraceae
Erigeron;oregonus;Asteraceae
Erigeron;scopulinus;Asteraceae
Erigeron;simplex;Asteraceae
Erigeron;uniflorus;Asteraceae
Erinacea;anthyllis;Fabaceae
Eringium;giganteum;Apiaceae
Erinus;alpinus;Plantaginaceae 
Erinus;alpinus;Scrophulariaceae
Erinus;alpinus;Asteraceae
Eriogonum;compositum;Polygonaceae 
Eriogonum;heracleoides;Polygonaceae 
Eriogonum;jamesii;Polygonaceae
Eriogonum;subalpinum;Polygonaceae
Eriogonum;umbellatum;Polygonaceae 
Eriophorum;latifolium;Cyperaceae
Eriophorum;scheuchzeri;Cyperaceae
Eriophyllum;arachnoideum;
Eriophyllum;lanatum;Asteraceae
Eritrichium;nanum;Boraginaceae 
Erodium;absinthoides;Geraniaceae
Erodium;acaule;Geraniaceae 
Erodium;chrysanthum;Geraniaceae
Erodium;ciconium;Geraniaceae 
Erodium;cicutarium;Geraniaceae 
Erodium;crispum;Geraniaceae 
Erodium;daucoides;Geraniaceae 
Erodium;foetidum;Geraniaceae 
Erodium;glandulosum;Geraniaceae 
Erodium;guicciardii;Geraniaceae
Erodium;guttatum;Geraniaceae
Erodium;magradenum;Geraniaceae
Erodium;manescavi;Geraniaceae
Erodium;petraeum;Geraniaceae
Erodium;rodiei;Geraniaceae 
Eriogonum;umbellatum;Polygonaceae
Eryngium;alpinum;Apiaceae
Eryngium;amethystinum;Apiaceae
Eryngium;bourgatii;Apiaceae
Eryngium;caucasicum;Apiaceae
Eryngium;caeruleum;Apiaceae
Eryngium;giganteum;Apiaceae
Eryngium;glaciale;Apiaceae
Eryngium;plenum;Apiaceae
Eryngium;spinalba;Apiaceae
Eryngium;zabelii;Apiaceae
Eryophyllum;lanatum;
Erysimum;decumbens;Brassicaceae
Erysimum;humile;Brassicaceae
Erysimum;ochroleucum;Brassicaceae
Erysimum;rhaeticum;Brassicaceae 
Erythronium;dens-canis;Liliaceae 
Erythronium;sibiricum;Liliaceae
Euonymus;europaeus;Celastraceae 
Euonymus;latifolius;Celastraceae 
Euonymus;maackii;Celastraceae 
Euonymus;sp.;Celastraceae 
Eupatorium;cannabinum;Asteraceae
Eupatorium;rugosum;Asteraceae
Euphorbia;amygdaloides;Euphorbiaceae 
Euphorbia;capitulata;Euphorbiaceae
Euphorbia;chamecyparissia;Euphorbiaceae
Euphorbia;cyparissias;Euphorbiaceae 
Euphorbia;dulcis;Euphorbiaceae 
Euphorbia;epithymoides;Euphorbiaceae 
Euphorbia;helioscopia;Euphorbiaceae 
Euphorbia;hyberna;Euphorbiaceae 
Euphorbia;myrsinites;Euphorbiaceae
Euphorbia;nicaeensis;Euphorbiaceae 
Euphorbia;platyphyllos;Euphorbiaceae 
Euphorbia;polychroma;Euphorbiaceae 
Euphorbia;seguieriana;Euphorbiaceae 
Euphorbia;spinosa;Euphorbiaceae 
Eurybia;diicata;Compositae 
Fagus;sylvatica;Fagaceae
Faitillaria;camtschatcensis;Liliaceae
Festuca;acuminata;Poaceae
Festuca;airoides;Poaceae
Festuca;alpina;Poaceae
Festuca;arvensis;Poaceae
Festuca;borderei;Poaceae
Festuca;borderii;Poaceae
Festuca;buschiarica;Poaceae
Festuca;bushiana;Poaceae
Festuca;cagiriensis;Poaceae
Festuca;carpatica;Poaceae
Festuca;cretacea;Poaceae
Festuca;curvula;Poaceae
Festuca;dalmati;Poaceae
Festuca;dimorpha;Poaceae
Festuca;durissima;Poaceae
Festuca;eagiriensis;Poaceae
Festuca;eskia;Poaceae
Festuca;galauca;Poaceae
Festuca;gamisansii;Poaceae
Festuca;gautieri;Poaceae
Festuca;glacialis;Poaceae
Festuca;glanca;Poaceae
Festuca;halleri;Poaceae
Festuca;hallii;Poaceae
Festuca;heldreichii;Poaceae
Festuca;heterophylla;Poaceae
Festuca;heterophylla;Poaceae
Festuca;huonii;Poaceae
Festuca;intermedia;Poacea
Festuca;indigesta;Poaceae
Festuca;kirilauii;Poaceae
Festuca;liviensis;Poaceae
Festuca;ochroleuca;Poaceae
Festuca;paniculata;Poaceae
Festuca;pratensis;Poaceae
Festuca;pulchella;Poaceae
Festuca;punctoria;Poaceae
Festuca;quadriflora;Poaceae
Festuca;rivularis;Poaceae
Festuca;rubra;Poaceae
Festuca;rupicula;Poaceae
Festuca;sp.;Poaceae
Festuca;sulcata;Poaceae
Festuca;supina;Poaceae
Festuca;tatrae;Poaceae
Festuca;valesiaca;Poaceae
Festuca;violacea;Poaceae
Festuca;yvesii;Poaceae
Ficaria;verna;Ranunculaceae 
Filipendula;ulmaria;Rosaceae
Filipendula;vulgaris;Rosaceae 
Forsythia;europaea;Oleaceae 
Fragaria;chilensis;Rosaceae
Fragaria;moschata;Rosaceae 
Fragaria;nipponica;Rosaceae
Fragaria;sp.;Rosaceae 
Fragaria;vesca;Rosaceae
Fragaria;viridis;Rosaceae 
Frangula;alnus;Rhamnaceae
Fraxinus;excelsior;Oleaceae 
Fraxinus;ornus;Olacaceae 
Fritillaria;pallidiflora;Liliaceae
Fritillaria;involucrata;Liliaceae 
Fritillaria;lusitanica;Liliaceae 
Fritillaria;meleagris;Liliaceae
Fritillaria;pontica;Liliaceae
Fritillaria;pyrenaica;Liliaceae
Gagea;fragifera;Liliaceae
Gagea;lutea;Liliaceae 
Gagea;minima;Liliaceae 
Gagea;pratensis;Liliaceae 
Gagea;saxatilis;Liliaceae 
Gagea;soleirolii;Liliaceae 
Gagea;villosa;Liliaceae 
Galanthus;nivalis;Amaryllidaceae
Galatella;linosyris;Asteraceae
Galatella;sedifolia;Asteraceae
Galeopsis;segetum;Lamiaceae 
Galium;boreale;Rubiaceae
Galium;lucidum;Rubiaceae 
Galium;odoratum;Rubiaceae
Galium;olympicum;Rubiaceae
Galium;parisiense;Rubiaceae 
Galium;pumilum;Rubiaceae 
Galium;purpureum;Rubiaceae
Galium;pusillum;Rubiaceae 
Galium;sp.;Rubiaceae
Galium;verum;Rubiaceae
Genista;cinerea;Fabaceae 
Genista;delphinensis;Fabaceae
Genista;germanica;Fabaceae
Genista;hispanica;Fabaceae
Genista;januensis;Fabaceae
Genista;pilosa;Fabaceae
Genista;radiata;Fabaceae
Genista;sagittalis;Fabaceae
Genista;salzmannii;Fabaceae 
Genista;scorpius;Fabaceae 
Genista;silucris;Fabaceae
Genista;silvestris;Fabaceae
Genista;sylvestris;Fabaceae
Genista;tinctoria;Fabaceae
Gentiana;acaulis;Gentianaceae
Gentiana;affinis;Gentianaceae
Gentiana;altaica;Gentianaceae
Gentiana;angustifolia;Gentianaceae
Gentiana;asclepiadea;Gentianaceae
Gentiana;atruieri;Gentianaceae
Gentiana;blactaiensis;Gentianaceae
Gentiana;brachyphylla;Gentianaceae 
Gentiana;canaliculata;Gentianaceae 
Gentiana;carolii;Gentianaceae
Gentiana;cernua;Gentianaceae
Gentiana;cernua;Gentianaceae 
Gentiana;clusii;Gentianaceae 
Gentiana;cruciata;Gentianaceae
Gentiana;dahurica;Gentianaceae 
Gentiana;decumbens;Gentianaceae
Gentiana;dendrologii;Gentianaceae
Gentiana;dinarica;Gentianaceae
Gentiana;doerfleri;Gentianaceae
Gentiana;fastigiata;Gentianaceae
Gentiana;farreri;Gentianaceae
Gentiana;fetisowii;Gentianaceae
Gentiana;freyniana;Gentianaceae
Gentiana;froelichi;Gentianaceae
Gentiana;froelichii;Gentianaceae 
Gentiana;gaudiniana;Gentianaceae
Gentiana;gelida;Gentianaceae
Gentiana;gracilipes;Gentianaceae
Gentiana;grombczewskii;Gentianaceae
Gentiana;haengistii;Gentianaceae
Gentiana;hascombensis;Gentianaceae
Gentiana;hybrida;Gentianaceae
Gentiana;farreri x veitchiorum;Gentianaceae 
Gentiana;kesselringi;Gentianaceae
Gentiana;ligustica;Gentianaceae 
Gentiana;lutea;Gentianaceae
Gentiana;macaulayi;Gentianaceae
Gentiana;macrophylla;Gentianaceae
Gentiana;makinoi;Gentianaceae
Gentiana;marcailhuana;Gentianaceae
Gentiana;montserrati;Gentianaceae
Gentiana;nivalis;Gentianaceae 
Gentiana;occidentalis;Gentianaceae
Gentiana;orbicularis;Gentianaceae 
Gentiana;pannonica;Gentianaceae
Gentiana;paradoxa;Gentianaceae
Gentiana;parryi;Gentianaceae
Gentiana;phlogifolia;Gentianaceae
Gentiana;pneumonanthe;Gentianaceae 
Gentiana;punctata;Gentianaceae
Gentiana;purdomii;Gentianaceae
Gentiana;purpurea;Gentianaceae
Gentiana;rockhillii;Gentianaceae
Gentiana;saponaria;Gentianaceae
Gentiana;scabra;Gentianaceae
Gentiana;Section;Gentianaceae 
Gentiana;septemfida;Gentianaceae
Gentiana;sino-ornata;Gentianaceae
Gentiana;siphonontha;Gentianaceae 
Gentiana;sp.;Gentianaceae 
Gentiana;spec.;Gentianaceae
Gentiana;sptemfida;Gentianaceae
Gentiana;tibetica;Gentianaceae
Gentiana;trichotoma;Gentianaceae
Gentiana;veitchiorum;Gentianaceae 
Gentiana;verna;Gentianaceae 
Gentiana;wutaiensis;Gentianaceae
Geranium;albanum;Geraniaceae
Geranium;argenteum;Geraniaceae
Geranium;bellichianium;Geraniaceae
Geranium;cinereum;Geraniaceae
Geranium;cireneum;Geraniaceae
Geranium;cyneeum;Geraniaceae
Geranium;dalmaticum;Geraniaceae
Geranium;endressii;Geraniaceae
Geranium;eriostemon;Geraniaceae
Geranium;ibericum;Geraniaceae
Geranium;macrorrhizum;Geraniaceae
Geranium;maculatum;Geraniaceae
Geranium;makrorhizum;Geraniaceae
Geranium;nodosum;Geraniaceae
Geranium;palustre;Geraniaceae
Geranium;phaeum;Geraniaceae
Geranium;platypellatum;Geraniaceae
Geranium;pratense;Geraniaceae
Geranium;renardii;Geraniaceae
Geranium;sangineum;Geaniaceae
Geranium;sanguineum;Geraniaceae
Geranium;sessiliflorum;Geraniaceae
Geranium;wallichianum;Geraniaceae 
Geranum;wlassowianum;Geraniaceae
Geum;bo???;Rosaceae
Geum;coacineum;Rosaceae
Geum;macrophyllum;Rosaceae
Geum;magellanicum;Rosaceae
Geum;montanum;Rosaceae 
Geum;pyrenaicum;Rosaceae 
Geum;reptans;Rosaceae 
Geum;rivale;Rosaceae
Geum;rosii;Rosaceae
Geum;sylvaticum;Rosaceae 
Geum;urbanum;Rosaceae 
Geum;inclinatum;Rosaceae
Gillenia;trifolinta;Rosaceae
Gingidia;montana;
Gladiolus;imbricatus;Iridaceae
Gladiolus;inbricatus;Iridaceae
Gladiolus;italicus;Iridaceae
Gladiolus;palustris;Iridaceae
Glechoma;hederacea;Lamiaceae 
Globularia;bisnagarica;Plantaginaceae 
Globularia;cordifolia;Globulariaceae 
Globularia;cordifolia;Plantaginaceae
Globularia;gracilis;Globulariaceae 
Globularia;incanescens;Plantaginaceae 
Globularia;meridionalis;Plantaginaceae 
Globularia;nana;Plantaginaceae 
Globularia;nudicaulis;Plantaginaceae 
Globularia;orientalis;Globulariaceae 
Globularia;pseudonana;Plantaginaceae 
Globularia;repens;Plantaginaceae 
Globularia;stygia;Plantaginaceae 
Globularia;trichosantha;Plantaginaceae 
Gnaphalium;hoppeanum;Asteraceae
Gnaphalium;luteoalbum;Asteraceae
Gymnadenia;conopsea;Orchidaceae 
Gymnadenia;odoratissima;Orchidaceae 
Gymnadenia;rhellicani;Orchidaceae 
Gymnocarpium;dryopteris;Woodsiaceae
Gymnocarpium;robertianum;Polypodiaceae
Gymnocarpium;robertianum;Woodsiaceae
Gypsophila;cerastoides;Caryophyllaceae
Gypsophila;repens;Caryophyllaceae
Gypsophila;tenuifolia;Caryophyllaceae
Haberlea;ferdinandi-caburjii;Gesneriaceae 
Haberlea;rhodopensis;Gesneriaceae 
haerophyllum;aureum;Apiaceae
Hamamelis;virginiana;Hamamelidaceae 
Hebe;amplexicaulis;Plantaginaceae 
Hebe;balfouriana;Plantaginaceae 
Hebe;brachysiphon;Scrophulariaceae
Hebe;buchananii;Scrophulariaceae
Hebe;carnosula;Scrophulariaceae
Hebe;cockayniana;Scrophulariaceae 
Hebe;decumbeas;Scrophulariaceae
Hebe;elliptica;Plantaginaceae 
Hebe;glaucophylla;Plantaginaceae 
Hebe;glaucophylla;Scrophulariaceae
Hebe;hectori;Scrophulariaceae
Hebe;hectorii;Plantaginaceae 
Hebe;hectorii;Scrophulariaceae 
Hebe;lindsayi;Scrophulariaceae 
Hebe;monticola;Scrophulariaceae
Hebe;pinguafolia;Plantaginaceae 
Hebe;pinguifolia;Scrophulariaceae
Hebe;subalpina;Scrophulariaceae
Hedera;helix;Araliaceae
Hedysarum;boutignyanum;Fabaceae 
Hedysarum;flavescens;Fabaceae
Hedysarum;sulphurescens;Fabaceae
Hedyserum;alpinum;Fabaceae
Helenium;;Asteraceae
Helianthemum;alpestris;Cistaceae
Helianthemum;appeninum;Cistaceae
Helianthemum;canum;Cistaceae
Helianthemum;canum;Rosaceae 
Helianthemum;lippii;Cistaceae 
Helianthemum;lunulatum;Cistaceae 
Helianthemum;nummularium;Cistaceae
Helianthemum;oelandicum;Cistaceae
Helianthemum;ovatum;Cistaceae
Helianthemum;pilosum;Cistaceae
Helianthemum;scardicum;Cistaceae
Helianthemum;violaceum;Cistaceae 
Helianthenum;apenninum;Cistaceae 
Helichrysum;selago;Asteraceae
Helichrysum;graveolens;Asteraceae
Helichrysum;milfordiae;Asteraceae
Helichrysum;plicatum;Asteraceae
Helichrysum;thianschanicum;Asteraceae
Helictotrichon;parlatorei;Poaceae
Helictotrichon;pratense;Poaceae
Helictotrichon;sedenense;Poaceae
Helictotrichon;sempervirens;Poaceae
Helictotrichon;versicolor;Poaceae
Helleborus;argutifolius;Ranunculaceae 
Helleborus;dumentorum;Ranunculaceae
Helleborus;foetidus;Ranunculaceae
Helleborus;lividus;Ranunculaceae 
Helleborus;niger;Ranunculaceae
Helleborus;viridis;Ranunculaceae
Hemerocallis;citrina;Xanthophyllaceae 
Hemerocallis;citrina;Liliaceae
Hemerocallis;dumortieri;Liliaceae
Hemerocallis;esculenta;Xanthorrhoeaceae 
Hemerocallis;forresti;Liliaceae
Hemerocallis;middendorfii;Liliaceae
Hemerocallis;minor;Liliaceae
Hemerocallis;minor;Xanthorrhoeaceae 
Hemerocallis;multiflora;Liliaceae
Hemerocallis;yezoensis;Liliaceae
Hemerocellis;lilioasphodolus;Liliaceae
Hepatica;nobilis;Ranunculaceae
Heracleum;mantegazzianum;Apiaceae
Heracleum;platytaenium;Apiaceae
Heracleum;sphondylium;Apiaceae
Heracleum;trachiloma;Apiaceae
Herniaria;alpina;Caryophyllaceae
Herniaria;hirsuta;Caryophyllaceae
Herniaria;incana;Caryophyllaceae
Hesperis;matronalis;Brassicaceae
Heterotheca;villosa;Compositae 
Heuchera;americana;Saxifragaceae 
Heuchera;hartwegii;
Heuchera;micrantha;Saxifragaceae 
Heuchera;sanguinea;
Hieracium;acidophorum;Asteraceae
Hieracium;alpicola;Asteraceae
Hieracium;alpinum;Asteraceae
Hieracium;amplexicaule;Asteraceae
Hieracium;aurantiacum;Asteraceae
Hieracium;auricula;Asteraceae
Hieracium;bifidum;Asteraceae
Hieracium;bombycinum;Asteraceae
Hieracium;bornmuelleri;Asteraceae
Hieracium;caesium;Asteraceae
Hieracium;cydoniifolium;Asteraceae
Hieracium;eviscapum;Asteraceae
Hieracium;faeroense;Asteraceae
Hieracium;floribundum;Asteraceae
Hieracium;glaucinum;Compositae 
Hieracium;glaucinum;Asteraceae
Hieracium;glaucum;Asteraceae
Hieracium;gr.;Asteraceae
Hieracium;holopleurum;Asteraceae
Hieracium;humile;Asteraceae
Hieracium;intybaceum;Asteraceae
Hieracium;lactucella;Asteraceae
Hieracium;laevigatum;Asteraceae
Hieracium;laticeps;Asteraceae
Hieracium;murorum;Asteraceae
Hieracium;pannosum;Asteraceae
Hieracium;peletierianum;Asteraceae
Hieracium;phrixoclonum;Asteraceae
Hieracium;picroides;Asteraceae
Hieracium;pictum;Asteraceae
Hieracium;piliferum;Asteraceae
Hieracium;pilosella;Asteraceae
Hieracium;piloselloides;Asteraceae
Hieracium;prenathoides;Asteraceae
Hieracium;pteropogon;Asteraceae
Hieracium;staticifolium;Asteraceae
Hieracium;tomentosum;Asteraceae
Hieracium;umbellatum;Asteraceae
Hieracium;umbellifolia;Asteraceae
Hieracium;valdepilosum;Asteraceae
Hieracium;velutinum;Asteraceae
Hieracium;villosum;Asteraceae
Hieracium;waldsteinii;Compositae 
Hieracium;waldsteinii;Asteraceae
Hieratium;peleterianum;Asteraceae
Hieratium;villosum;Asteraceae
Hierochloë;odorata;Poaceae
Hippocrepis;comosa;Fabaceae
Hippophae;rhamnoides;Eleagnaceae
Hordeum;distichon;Poaceae
Hormatophylla;macrocarpa;Brassicaceae 
Horminum;pyrenaicum;Caryophyllaceae
Horminum;pyrenaicum;Lamiaceae 
Hornungia;alpina;Brassicaceae 
Hosta;crispula;
Hosta;fluctuans;
Hosta;japonica;Hostaceae 
Hosta;longissima;Asparagaceae
Hosta;rectofolia;
Hosta;siboldii;
Hugueninia;tanacetifolia;Brassicaceae
Hutchinsia;alpina;Brassicaceae
Hutchinsia;auerswaldi;Brassicaceae
Hyacinthoides;hispanica;
Hyacinthoides;non-scripta;Asparagaceae
Hydrangea;arborescens;Hydrangeaceae 
Hypericum;calycinum;Hypericaceae
Hypericum;canis;Hyperiaceae
Hypericum;cerastioides;
Hypericum;coris;Hypericaceae
Hypericum;hirsutum;Hypericaceae
Hypericum;hookerianum;Hypericaceae
Hypericum;maculatum;Hypericaceae
Hypericum;nummularium;Hypericaceae
Hypericum;olympicum;Hypericaceae
Hypericum;orientale;Hypericaceae
Hypericum;patulum;Hypericaceae
Hypericum;perforatum;Hypericaceae
Hypericum;richeri;Hypericaceae
Hypericum;tomentosum;Hypericaceae
Hypochaeris;robertia;Asteraceae
Hyssopus;officinalis;Lamiaceae 
Hyssopus;tianschanicus;Lamiaceae 
Iberis;prudii;Brassicaceae
Iberis;saxatilis;Brassicaceae
Iberis;sempervirens;Brassicaceae
Ile;aquifolium;Aquifoliaceae
imbricatus;imbricatus;Iridaceae 
Incarvilea;delavayi;
Incarvilea;grandiflora;
Incarvillea;delavayi;Bignoniaceae
Incarvillea;przwalskii;
Incarvillea;sinensis;Bignoniaceae
Inula;ensifolia;Asteraceae
Inula;glandulosa;Asteraceae
Inula;hellenium;Asteraceae
Inula;hirta;Asteraceae
Inula;magnifica;Asteraceae
Inula;montana;Asteraceae
Inula;oculus-christi;Asteraceae
Inula;salicina;Asteraceae
Iris;aphylla;Iridaceae
Iris;chamaeiris;Iridaceae 
Iris;chrysogrephis;Iridaceae
Iris;colchica;Iridaceae
Iris;danfordiae;Iridaceae
Iris;deuplasiana;Iridaceae 
Iris;furcata;lridaceae
Iris;germanica;Iridaceae
Iris;graminea;Iridaceae 
Iris;halphyla;Iridaceae
Iris;hookeri;Iridaceae
Iris;hukari;Iridaceae
Iris;iegata;Iridaceae
Iris;illyrica;Iridaceae
Iris;latifolia;Iridaceae 
Iris;longipetala;Iridaceae
Iris;lutescens;Iridaceae 
Iris;missouriensis;Iridaceae
Iris;orientalis;Liliacea
Iris;orientalis;Iridaceae 
Iris;pseudacorus;Iridaceae
Iris;pumila;Iridaceae
Iris;ruthenica;Iridaceae 
Iris;sangunia;Iridaceae
Iris;setosa;Iridaceae
Iris;sibirica;Iridaceae
Iris;spuria;Iridaceae
Iris;squalens;Iridaceae
Iris;versicolor;Iridaceae
Iris;xiphioides;Iridaceae
Isatis;allionii;Brassicaceae
Isatis;tinctoria;Brassicaceae 
Isopyrum;thalictroides;
Jacobaea;incana;Asteraceae
Jankaea;heldreichii;Gesneriaceae 
Jankaea;vandedemi;Gesneriaceae 
Jasione;laevis;Campanulaceae
Jasione;perennis;Campanulaceae
Jasminum;parkeri;Oleaceae
Jovibarba;allionii;Crassulaceae
Jovibarba;arenaria;Crassulaceae
Jovibarba;heuffelii;Crassulaceae
Jovibarba;hirta;Crassulaceae
Jovibarba;sobolifera;Crassulaceae
Juncus;arcticus;Juncaceae
Juncus;articulatus;Juncaceae
Juncus;conglomeratus;Juncaceae
Juncus;inflexus;Juncaceae
Juncus;jacquinii;Juncaceae
Juncus;trifidus;Juncaceae
Juniperus;chinensis;Cupressaceae
Juniperus;communis;Cupressaceae
Juniperus;sabina;Cupressaceae
Juniperus;sibirica;Cupressaceae
Juniperus;squamata;Cupressaceae
Kernera;saxatilis;Brassicaceae 
Knautia;purpurea;Caprifoliaceae
Kobresia;simpliciuscula;Cyperaceae
Koeleria;cenisia;Poaceae
Koeleria;cristata;Poaceae
Koeleria;eriostachya;Poaceae
Koeleria;glauca;Poaceae
Koeleria;macrantha;Poaceae
Koeleria;pyramidata;Poaceae
Koeleria;sp.;Poaceae
Koeleria;vallesiana;Poaceae
Laburnum;alpinum;Fabaceae
Laburnum;anagyroides;Fabaceae
Laburnum;watereri;Fabaceae 
Lactuca;perennis;Asteraceae
Lappula;squarrosa; Boraginaceae
Lapsana;communis;Asteraceae
Larix;decidua;Pinaceae
Larix;gmelinii;Pinaceae
Larix;kaempferi;Pinaceae
Larix;laricina;Pinaceae
Larix;occidentalis;Pinaceae
Larix;sibirica;Pinaceae
Laserpitium;garganicum;Apiaceae
Laserpitium;prutenicum;Apiaceae
Laserpitium;gallicum;Apiaceae
Laserpitium;krapfii;Apiaceae
Laserpitium;nestleri;Apiaceae
Laserpitium;siler;Apiaceae
Lathyrus;linifolius;Fabaceae 
Lathyrus;niger;Fabaceae
Lathyrus;transsilvanus;Fabaceae
Lathyrus;vernus;Fabaceae
Lavandula;angustifolia;Lamiaceae
Lavandula;latifolia;Lamiaceae 
Lavandula;officinalis;Lamiaceae
Lavandula;rosea;Lamiaceae 
Lavandula;spica;Lamiaceae
Leatris;spicata;
Ledum;palustre;Ericaceae
Leontodon;autumnalis;Asteraceae
Leontodon;crispus;Asteraceae
Leontodon;hirtus;Asteraceae
Leontodon;hispidus;Asteraceae
Leontodon;montanus;Asteraceae
Leontodpodium;nivale;Asteraceae
Leontopodium;alpinum;Asteraceae
Leontopodium;calocephalum;Asteraceae
Leontopodium;discolor;Asteraceae
Leontopodium;haplophylloides;Asteraceae
Leontopodium;hayachinense;Asteraceae
Leontopodium;japonicum;Asteraceae
Leontopodium;kamtschaticum;Asteraceae
Leontopodium;linearifolium;Asteraceae
Leontopodium;longifolium;Asteraceae
Leontopodium;palibinanum;Asteraceae
Leontopodium;sinense;Asteraceae
Leontopodium;soulieii;Asteraceae
Leontopodium;sp.;Asteraceae
Leontopodium;strachey;Asteraceae
Leontopodium....;Beauv.;Asteraceae
Lepidium;hirtum;Brassicaceae 
Lepidium;villarsii;Brassicaceae
Lespedeza;bicolor;
Leucanthemopsis;alpina;Asteraceae
Leucanthemopsis;minima;Asteraceae
Leucanthemum;adustum;Asteraceae
Leucanthemum;atratum;Asteraceae
Leucanthemum;gaudinii;Asteraceae
Leucanthemum;leucolepis;Asteraceae
Leucanthemum;virgatum;Asteraceae
Leucantheum;halleri;Asteraceae
Leucojum;aestivum;Amaryllidaceae
Leuzea;centauroides;Asteraceae
Levisticum;officinale;Apiaceae
Lewisia;columbiana;Montiaceae 
Lewisia;cotyledon;
Liatris;spicata;Asteraceae
Ligularia;fischeri;
Ligularia;glabrescens;
Ligularia;przewalskii;
Ligularia;sachalinensis;
Ligularia;splendens;
Ligularia;thyrsoidea;
Ligularia;vorobievii;
Ligusticum;ferulaceum;Apiaceae
Ligusticum;lucidum;Apiaceae
Ligustrum;vulgare;Oleaceae
Lilium;bulbiferum;Liliaceae
Lilium;carniolicum;Liliaceae
Lilium;croceum;Liliaceae
Lilium;henryi;Liliceae
Lilium;martagon;Liliaceae
Lilium;pomponium;Liliaceae 
Lilium;pyrenaicum;Liliaceae
Lilium;sp.;Liliaceae
Lilium;martagon;Liliaceae
Linaria;alpina;Plantaginaceae 
Linaria;hepaticifolia;Scrophulariaceae
Linaria;macedonica;Scrophulariaceae
Linaria;repens;Plantaginaceae
Linaria;supina;Plantaginaceae 
Linaria;vulgaris;Plantaginaceae 
Linnaea;borealis;Caprifoliaceae
Linum;austriacum;Linaceae
Linum;campanulatum;Linaceae
Linum;capitatum;Linaceae
Linum;catharticum;Linaceae
Linum;dolomiticum;Linaceae
Linum;extraaxillare;Linaceae
Linum;flavum;Linaceae
Linum;perenne;Linaceae
Linum;salsoides;Linaceae
Linum;suffruticosum;Linaceae 
Linum;viscosum;Linaceae 
Lithodora;deifolia;Boraginaceae 
Lithospermum;arvense;Boraginaceae
Lithospermum;gastonii;Boraginaceae 
Lithospermum;graminifolium;Boraginaceae
Lithospermum;intermedium;Boraginaceae
Lithospermum;officinale;Boraginaceae
Lithospermum;suffructicosum;Boraginaceae
Lolium;??;Poaceae
Lomelosia;graminifolia;Dipsacaceae
Lomelosia;graminifolia;Caprifoliaceae
Lonicera;albertii;Caprifoliaceae
Lonicera;alpigena;Caprifoliaceae
Lonicera;altaica;Caprifoliaceae
Lonicera;caerulea;Caprifoliaceae
Lonicera;caprifolium;Caprifoliaceae
Lonicera;etrusca;Caprifoliaceae
Lonicera;henryi;Caprifoliaceae
Lonicera;nigra;Caprifoliaceae
Lonicera;obovata;Caprifoliaceae
Lonicera;orientalis;Caprifoliaceae
Lonicera;periclymenum;Caprifoliaceae
Lonicera;pyrenaica;Caprifoliaceae
Lonicera;rupicola;Caprifoliaceae
Lonicera;spinosa;Caprifoliaceae
Lonicera;tibetica,;Caprifoliaceae
Lonicera;xylosteum;Caprifoliaceae
Lothyrus;venatens;
Lotus;maritimus;Fabaceae
lovibarba;hirta;Crassulaceae
Luzula;alpinopilosa;Juncaceae
Luzula;forsteri;Juncaceae
Luzula;frigida;Juncaceae
Luzula;lutea;Juncaceae
Luzula;nivea;Juncaceae
Luzula;pedemontana;Juncaceae
Luzula;pediformis;Juncaceae
Luzula;spec.;Juncaceae
Lyatris;spicata;
Lychnis;viscaria;Caryophyllaceae
Lycium;barbarum;Solanaceae
Lysichitum;americanum;
Lysimachia;davucica;Primulaceae
Lysimachia;nemorum;Primulaceae 
Lysimachia;punctata;Primulaceae
Mahonia;aquifolium;Berberidaceae
Mahonia;pumila;Berberidaceae
Mahonia;repens;Berberidaceae
Maianthemum;canadense;Liliaceae
Maianthemum;canadense;Asparagaceae
Maianthemum;dilatatum;Liliaceae
Malva;moschata;Malvaceae 
Malva;sylvestris;Malvaceae 
Marbechiella;zanonii;
Marrubium;libanotis;Lamiaceae
Mathiola;fruticulosa;Brassicaceae 
Matricaria;chamomilla;Asteraceae
Matricaria;tchihatchewii;Asteraceae
Matteuccia;struthiopteris;
Matthiola;fruticulosa;Brassicaceae
Matthiola;valesiaca;Brassicaceae
Mazus;radicans;
Meconopsis;cambrica;Papaveraceae
Mede;clancophylla;
Melampyrum;arvense;Orobanchaceae 
Melampyrum;nemorosum;Orobanchaceae 
Melica;ciliata;Poaceae
Melissa;officinalis;Lamiaceae 
Mentha;piperita;Lamiaceae 
Mentha;spicata;Lamiaceae 
Mentha;suaveolens;Lamiaceae 
Menyanthes;trifoliata;Menyanthaceae
Mercurialis;perennis;Euphorbiaceae 
Merendera;montana;Liliaceae
Meum;athamanticum;Apiaceae
Microbiota;decussata;Cupressaceae
Micromeria;croatica;Lamiaceae
Micromeria;dalmatica;Lamiaceae 
Micromeria;juliana;Lamiaceae 
Micromeria;marginata;Lamiaceae 
Micromeria;rupestris;Caryophyllaceae
Micromeria;thymifolia;Lamiaceae 
Microneria;dalmatica;
Minuartia;anatolica;Caryophyllaceae
Minuartia;caucasica;Caryophyllaceae
Minuartia;cherlerioides;Caryophyllaceae
Minuartia;circassica;Caryophyllaceae
Minuartia;graminifolia;Caryophyllaceae
Minuartia;juniperina;Caryophyllaceae
Minuartia;lanceolata;Caryphyllaceae
Minuartia;laricifolia;Caryophyllaceae
Minuartia;linifolia;Caryophyllaceae
Minuartia;mutabilis;Caryophyllaceae
Minuartia;pinnifolia;Caryophyllaceae
Minuartia;recurva;Caryophyllaceae
Minuartia;rubra;Caryophyllaceae
Minuartia;rupestris;Caryophyllaceae
Minuartia;sedoides;Caryophyllaceae
Minuartia;setacca;Caryophyllaceae
Minuartia;verna;Caryophyllaceae 
Minuartia;villarii;Caryophyllaceae
Moeringia;?;Caryophyllaceae
Molinia;arundinacea;Poaceae
Molinia;caerulea;Poaceae
Molopospermum;peloponnesiacum;Apiaceae
Moltkia;petraea;Borraginaceae
Moltkia;suffruticosa;Boraginaceae 
Monarda;fistulosa;
Monarda;fistulosa;Lamiaceae 
Morina;kokanica;
Morina;longifolia;Dipsacaceae
Morina;longifolia;Dispaceae
Mozina;kokanica,;
Muehlenbeckia;axillaris;Polygonaceae
Muehlenbeckia;nana;Polygonaceae
Muscari;-339;Asparagaceae
Muscari;ancheri;Liliaceae
Muscari;argaei;Liliaceae
Muscari;armeniacum;Asparagaceae
Muscari;atlanticum;Liliaceae
Muscari;aucheri;Liliaceae
Muscari;botryoides;Liliaceae 
Muscari;caucasicum;Liliaceae
Muscari;colenicum;Liliaceae
Muscari;comosum;Asparagaceae
Muscari;dolichanthum;Asparagaceae
Muscari;heldreichii;Liliaceae
Muscari;leucostomum;Asparagaceae
Muscari;Lolieura;Liliaceae
Muscari;polyanthum;Liliaceae
Muscari;racemosum;Liliaceae
Muscari;racemosum;Asparagaceae
Muscari;steupre?;Liliaceae
Muscari;szouitsanum;Liliaceae
Muscari;voronii;Liliaceae
Myosotis;alpestris;Boraginaceae 
Myosotis;decumbens;Boraginaceae 
Myosotis;ramosissima;Boraginaceae 
Myrica;gale;Myricaceae 
Narcissus;assoanus;Amaryllidaceae
Narcissus;pseudonarcissus;Amaryllidaceae
Neottia;ovata;Orchidaceae 
Nepeta;baciarica;Lamiaceae
Nepeta;grandiflora;Lamiaceae
Nepeta;heldreichii;Lamiaceae
Nepeta;nuda;Lamiaceae 
Nepeta;racemosa;Lamiaceae 
Nigella;arvensis;Ranunculaceae 
Nimartica;graminifolia;
Noccaea;brevistyla;Brassicaceae 
Oenothera;fruticosa;Onagraceae
Oenothera;longissima;Onagraceae
Oenothera;tetragona;Onagraceae
Olearia;haastii;Asteraceae
Omphalodes;verna;Boraginaceae 
Onobrychis;areniora;Fabaceae 
Onobrychis;montana;Fabaceae 
Onobrychis;saxatilis;Fabaceae 
Onoclea;sensibilis;Onocleaceae
Onoethera;fruticosa;Onagraceae
Ononis;cristata;Fabaceae 
Ononis;fruticosa;Fabaceae 
Ononis;natriL.;Fabaceae 
Ononis;pusilla;Fabaceae 
Ononis;repens;Fabaceae
Onosma;alboroseum;Boraginaceae
Onosma;echioides;Boraginaceae 
Onosma;fastigiata;Boraginaceae 
Onosma;helvetica;Boraginaceae 
Onosma;pseudoarenaria;Boraginaceae 
Onosma;taurica;Boraginaceae
Ophaloides;verna;Boraginaceae
Ophioglossum;vulgatum;Ophioglossaceae
Ophiopogon;planiscapis;
Opuntia;engelmannii;Cactaceae  
Opuntia;humifusa;Cactaceae  
Opuntia;imbricata;Cactaceae  
Opuntia;phaeacantha;Cactaceae
Orchis;morio;Orchidaceae 
Oreochloa;disticha;Poaceae
Oreomychis;kookeri;
Origanum;vulgare;Lamiaceae
Orlaya;grandiflora;Apiaceae
Ornithogalum;pyrenaicum;Asparagaceae
Ostrya;carpinifolia;Betulaceae 
Oxalis;acetosa;Ocalidaceae
Oxalis;adenophylla;Oxalidaceae
Oxalis;enneaphylla;Oxalidaceae
Oxalis;valdiviensis;Oxalidaceae
Oxytropis;campestris;Fabaceae 
Oxytropis;halleri;Fabaceae 
Oxytropis;helvetica;Fabaceae 
Oxytropis;jacquinii;Fabaceae 
Oxytropis;lapponica;Fabaceae 
Oxytropis;montana;Fabaceae
Oxytropis;pilosa;Fabaceae 
P,;fructicosus;
Paederola;beneroia;
Paederota;bonarota;Scrophulariaceae
Paenonia;caucasica;Paeoniaceae
Paeonia;algeriensis;Paeoniaceae 
Paeonia;anomala;Paeoniaceae
Paeonia;arietina;Paeoniaceae 
Paeonia;Brengze;Ranunculaceae
Paeonia;broteroi;Paeoniaceae
Paeonia;coriacea;Paeoniaceae
Paeonia;daurica;Paeoniaceae
Paeonia;delavayi;Paeoniaceae
Paeonia;emodi;Paeoniaceae 
Paeonia;ludlowii;Paeoniaceae 
Paeonia;lutea;Paeoniaceae
Paeonia;mascula;Paeoniaceae
Paeonia;officinalis;Paeoniaceae
Paeonia;peregrina;Paeoniaceae
Paeonia;tenuifolia;Paeoniaceae
Papaver;aff.;Papaveraceae
Papaver;alpinum;Papaveraceae
Papaver;atlanticum;Papaveraceae
Papaver;fugaPoir.;Papaveraceae
Papaver;heldreichii;Papavereceae
Papaver;julicum;Papaveraceaa
Papaver;lateritium;Papaveraceae 
Papaver;nudicaule;Papaveraceae
Papaver;oreophilum;Papaveraceae
Papaver;orientale;Papaveraceae
Papaver;pseudo-orientalis;Papaveraceae
Papaver;radicatum;Papaveraceae
Papaver;rupifragum;Papaveraceae
Paradesia;liliastrum;Liliaceae
Paradisea;liliastrum;Asparagaceae
Paramoltkia;doerfleri;Boraginaceae 
Pareintumescens;Rudge;
Paronychia;kapela;Caryophyllaceae
Parthenocissus;quinquefolia;Vitaceae
Pastinaca;sativa;Apiaceae
Peanonia;japonica;
Pedicularis;recutita;Scrophulariaceae
Peltiphyllum;peltatum;
Penademum;serrulatus;
Pensemon;enclavicus;
Penstemon;arizonicus;Scrophulariaceae
Penstemon;atus;Scrophulariaceae
Penstemon;aureus;Scrophulariaceae
Penstemon;barbatus;Scrophulariaceae
Penstemon;barretiae;Scrophulariaceae
Penstemon;barrettiae;Plantaginaceae 
Penstemon;campanulatus;Scrophulariaceae
Penstemon;cardwellii;Scrophulariaceae
Penstemon;cardwellii;Plantaginaceae 
Penstemon;cardwellii;Scrophulariaceae
Penstemon;cespitosus;Scrophulariaceae
Penstemon;cobaea;Scrophulariaceae
Penstemon;cyananthus;Scrophulariaceae 
Penstemon;davidsonii;Scrophulariaceae
Penstemon;diphyllus;Scrophulariaceae
Penstemon;euglaucus;Scrophulariaceae 
Penstemon;fruticosus;Plantaginaceae 
Penstemon;fruticosus;Scrophulariaceae
Penstemon;grandifloris;Scrophulariaceae
Penstemon;jamesii;Scrophulariaceae
Penstemon;jamesii;Plantaginaceae 
Penstemon;laevigatus;Scrophulariaceae
Penstemon;menziesii;Scrophulariaceae
Penstemon;microphyllus;Scrophulariaceae
Penstemon;montanus;Scrophulariaceae
Penstemon;murrayanus;Scrophulariaceae
Penstemon;newberryi;Scrophulariaceae
Penstemon;nitidus;Scrophulariaceae
Penstemon;ovatus;Plantaginaceae 
Penstemon;ovatus;Scrophulariaceae
Penstemon;pinifolius;Scrophulariaceae
Penstemon;procerus;Plantaginaceae 
Penstemon;procerus;Scrophulariaceae
Penstemon;pubescens;Scrophulariaceae
Penstemon;roezlii;Scrophulariaceae
Penstemon;roezlii;Plantaginaceae 
Penstemon;rupicola;Scrophulariaceae
Penstemon;scouleri;Scrophulariaceae
Penstemon;secundiflorus;Scrophulariaceae
Penstemon;smallii;Scrophulariaceae
Penstemon;spectabilis;Scrophulariaceae
Penstemon;tubaeflorus;Scrophulariaceae
Penstemon;utahensis;Scrophulariaceae
Penstemon;venustus;Scrophulariaceae
Penstemon;whippleanus;Scrophulariaceae
Penstemon;X(menziesiiscouleri);Scrophulariaceae
Pentemon;watsonii;
Peolia;botaninii;
Peronia;lactiflora;
Persemon;serrulatum;
Persi;on;
Petasites;albus;Asteraceae
Petasites;paradoxus;Asteraceae
Petrocallis;pyrenaica;Brassicaceae 
Petrophytum;caespitosum;Rosaceae 
Petrophytum;hembersonii;Rosaceae?
Petrorhagia;illyrica;Caryophyllaceae
Petrorhagia;saxifraga;Caryophyllaceae
Peucedanum;austriacum;Apiaceae
Peucedanum;calcareum;Apiaceae
Peucedanum;oreoselinum;Apiaceae
Peucedanum;ostruthium;Apiaceae
Peucedanum;venetum;Apiaceae
Peucedanum;verticillare;Apiaceae
Phaca;penduliflora;Fabaceae
Phedimus;aizoon;Crassulaceae
Phleum;bertolonii;Poaceae
Phleum;hirsutum;Poaceae
Phleum;phleoides;Poaceae
Phlo;diffusa;Polemoniaceae 
Phlo;douglasii;Polemoniaceae 
Phlo;sibirica;Polemoniaceae 
Phloborealis;;
Phlodiffusa;Benth.;
Phlodouglasii;Hook;Polemoniaceae
Phlodouglasii;Hook.;
Phlomis;russeliana;Lamiaceae 
Phlomis;samia;Lamiaceae
Phlostolonifera;alba;
Phlosubulata;;
Phlox;borealis;Polemoniaceae  
Phlox;subulata;Polemoniaceae 
Phulsatila;ambigua;
Phyllodoce;aleutica;Ericaceae
Phytolacca;americana;
Pic.;breveriana;
Picea;abies;Pinaceae
Picea;asperata;Pinaceae
Picea;engelmannii;Pinaceae
Picea;glauca;Pinaceae
Picea;jezoensis;Pinaceae
Picea;koyamai;Pinaceae
Picea;mariana;Pinaceae
Picea;omorika;Pinaceae
Picea;orientalis;Pinaceae
Picea;polita;Pinaceae
Picea;rubens;Pinaceae
Picea;rubra;Pinaceae
Picea;schrenkiana;Pinaceae
Picea;sitchensis;Pinaceae
Pilosella;breviscapa;Asteraceae
Pilosella;cymosa;Asteraceae
Pilosella;officinarum;Asteraceae
Pilosella;peleteriana;Asteraceae
Pimpinella;nigra;Apiaceae
Pimpinella;saxifraga;Apiaceae
Pinguicula;alpina;Lentibulariaceae
Pinguicula;grandiflora;Lentibulariaceae
Pinguicula;leptoceras;Lentibulariaceae
Pinguicula;reichenbachiana;Lentibulariaceae
Pinguicula;vulgaris;Lentibulariaceae
Pinus;banksiana;Pinaceae
Pinus;cembra;Pinaceae
Pinus;contorta;Pinaceae
Pinus;corallensis;Pinaceae
Pinus;heldreichii;Pinaceae
Pinus;laricio;Pinaceae
Pinus;montana;Pinaceae
Pinus;mugo;Pinaceae
Pinus;nigra;Pinaceae
Pinus;peuce;Pinaceae
Pinus;resinosa;Pinaceae
Pinus;sibirica;Pinaceae
Pinus;sylvestris;Pinaceae
Pinus;uncinata;Pinaceae
Plantago;alpina;Plantaginaceae 
Plantago;atrata;Plantaginaceae 
Plantago;lanceolata;Plantaginaceae 
Plantago;media;Plantaginaceae 
Plantago;sarda;Plantaginaceae 
Plantago;sempervirens;Plantaginaceae
Plantago;suffruticosa;Plantaginaceae
Platycodon;grandiflorus;Campanulaceae
Pleurogyne;spathulata;Gentianaceae
Poa;badensis;Poaceae
Poa;bulbosa;Poaceae
Poa;cenisia;Poaceae
Poa;glauca;Poaceae
Poa;laxa;Poaceae
Poa;molinerii;Poaceae
Poa;nemoralis;Poaceae
Poa;perconcinna;Poaceae
Podecatheon;sp.;
Podocarpus;nivalis;Podocarpaceae 
Podophyllum;emodi;Berberidaceae
Podophyllum;hexandrum,;Berberidaceae
Podophyllum;peltatum;Berberidaceae
Podophyllum;versipille;Berberidaceae
Polemonium;caeruleum;Polemoniaceae 
Polemonium;liliflorum;Polemoniaceae
Polemonium;pulcherrimum;Polemoniaceae 
Polemonium;racemosum;Polemoniaceae
Polemonium;reptans;Polemoniaceae
Polemonium;tricolor;Polemoniaceae
Polycarpus;croceus;Asteraceae
Polycnemum;majus;Amaranthaceae
Polygala;chamaebuxus;Polygalaceae
Polygala;vayredae;Polygalaceae
Polygala;yreday;Polygalaceae
Polygala;vayredae;Polygolaceae
Polygomum;amplexicaule;Polygonaceae
Polygonatum;multiflorum;Polygonaceae
Polygonatum;odoratum;Liliaceae
Polygonatum;pubescens;Liliaceae
Polygonum;affine;Polygonaceae
Polygonum;baldschuanica;Polygonaceae 
Polygonum;bistorta;Polygonaceae
Polygonum;coeruleum;Polygonaceae
Polygonum;vaccinifolium;Polygonaceae
Polygonum;viviparum;Polygonaceae
Polypodium;vulgare;Polypodiaceae
Polystichum;lonchitis;Dryopteridaceae
Polystichum;lonchitis;Polypodiaceae
Polystichum;setiferum;Dryopteridaceae
Populus;tremula;Salicaceae
Potentialla;valderia;Rosaceae
Potentilla;agryophylla;Rosaceae
Potentilla;alba;Rosaceae
Potentilla;alpicola;Rosaceae 
Potentilla;ambigua;Rosaceae
Potentilla;andicola;Rosaceae
Potentilla;anglica;Rosaceae 
Potentilla;anserina;Rosaceae
Potentilla;apennina;Rosaceae
Potentilla;argentea;Rosaceae
Potentilla;argyrophylla;Rosaceae
Potentilla;asiatica;Rosaceae
Potentilla;atrosanguinea;Rosaceae
Potentilla;aurea;Rosaceae 
Potentilla;bifurca;Rosaceae 
Potentilla;brauneana;Rosaceae 
Potentilla;caulescens;Rosaceae 
Potentilla;chinensis;Rosaceae
Potentilla;cinerea;Rosaceae
Potentilla;crantzii;Rosaceae 
Potentilla;delphinensis;Rosaceae
Potentilla;drummondii;Rosaceae
Potentilla;fructicosa;Rosaceae
Potentilla;fruticosa;Rosaceae
Potentilla;glandulosa;Rosaceae
Potentilla;gracilis;Rosaceae
Potentilla;grammopetala;Rosaceae
Potentilla;hippiana;Rosaceae 
Potentilla;inclinata;Rosaceae 
Potentilla;kurdica;Rosaceae 
Potentilla;leuconota;Rosaceae
Potentilla;leucopolitana;Rosaceae
Potentilla;litida;Rosaceae
Potentilla;montana;Rosaceae
Potentilla;multifida;Rosaceae
Potentilla;neglecta;Rosaceae 
Potentilla;neumanniana;Rosaceae 
Potentilla;nitida;Rosaceae
Potentilla;nivalis;Rosaceae
Potentilla;nivea;Rosaceae
Potentilla;orientalis;Rosaceae 
Potentilla;palustris;Rosaceae
Potentilla;pedata;Rosaceae 
Potentilla;peduncularis;Rosaceae
Potentilla;pennsylvanica;Rosaceae
Potentilla;pusilla;Rosaceae 
Potentilla;pusilla-cinerea;Rosaceae 
Potentilla;repens;Rosaceae
Potentilla;reuteri;Rosaceae 
Potentilla;rupestris;Rosaceae
Potentilla;sanguisorba;Rosaceae
Potentilla;saxifraga;Rosaceae 
Potentilla;speciosa;Rosaceae
Potentilla;sterilis;Rosaceae 
Potentilla;tephroleuca;Rosaceae
Potentilla;thuringiaca;Rosaceae 
Potentilla;valderia;Rosaceae
Potentilla;verna;Rosaceae 
Potnetilla;faucitosa;Rosaceae
Prenanthes;purpurea;Asteraceae
Prenanthes;purpurea;Asperaceae
Primula;allionii;Primulaceae 
Primula;alpicola;Primulaceae
Primula;amoena;Primulaceae 
Primula;auricula;Primulaceae
Primula;capitata;Primulaceae
Primula;clusiana;Primulaceae
Primula;denticulata;Primulaceae
Primula;elatior;Primulaceae
Primula;farinosa;Primulaceae 
Primula;florindae;Primulaceae
Primula;froliosa;rimulaceae
Primula;glaucescens;Primulaceae
Primula;hirsuta;Primulaceae
Primula;integrifolia;Primulaceae
Primula;intermedia;
Primula;juliae;Primulaceae 
Primula;komarovii;Primulaceae 
Primula;latifolia;Primulaceae 
Primula;luteola;Primulaceae
Primula;macrocalyx;Primulaceae 
Primula;marginata;Primulaceae
Primula;minima;Primulaceae
Primula;paliluri;Primulaceae
Primula;parryi;Primulaceae
Primula;pedemontana;Primulaceae
Primula;poloniensis;Primulaceae 
Primula;polyneura;Primulaceae
Primula;pubescens;Primulaceae
Primula;rosea;Primulaceae
Primula;saxitilis;Primulaceae
Primula;secundiflora;Primulaceae
Primula;sikkimensis;Primulaceae
Primula;spectabilis;Primulaceae
Primula;veris;Primulaceae 
Primula;villosa;Primulaceae
Primula;viscosa;Primulaceae
Primula;vulgaris;Primulaceae
Primula;waltonii;Primulaceae
Primula;wulfeniana;Primulaceae
Primulaiabilis;Goupil;Primulaceae
Pritzelago;alpina;Brassicaceae 
Prospero;autumnale;Asparagaceae
Prunella;grandiflora;Lamiaceae
Prunella;hyssopifolia;Lamiaceae
Prunella;laciniata;Lamiaceae 
Prunella;vulgaris;Lamiaceae
PrunellaValliana;;Lamiaceae
Prunus;avium;Rosaceae
Prunus;brigantina;Rosaceae
Prunus;mahaleb;Rosaceae 
Prunus;padus;Rosaceae
Prunus;persica;Rosaceae 
Psephellus;dealbatus;Compositae 
Pseudolysimachion;spicatum;Plantaginaceae 
Pseudomuscari;azureum;Asparagaceae
Pseudotsuga;menziesii;Pinaceae
Pterocephalus;parnassi;Dipsacaceae
Pterocephalus;perennis;Dipsacaceae 
Ptilostemon;afer;Asteraceae
Ptilostemon;niveus;Asteraceae
Ptilotrichium;spinosum;Brassicaceae
Ptilotrichum;spinosum;Brassicaceae 
Pu....;(Sardegne);
Pulmonaria;affinis;Boraginaceae 
Pulmonaria;angusifolia;Boraginaceae
Pulmonaria;longifolia;Boraginaceae 
Pulmonaria;officinalis;Boraginaceae 
Pulmonaria;picta;Boraginaceae
Pulsatilla;alpina;Ranunculaceae 
Pulsatilla;bungeana;Ranunculaceae
Pulsatilla;flavescens;Ranunculaceae
Pulsatilla;halleri;Ranunculaceae
Pulsatilla;montana;Ranunculaceae 
Pulsatilla;nigricans;Ranunculaceae
Pulsatilla;patens;Ranunculaceae
Pulsatilla;pratensis;Ranunculaceae
Pulsatilla;rubra;Ranunculaceae
Pulsatilla;ucrainica;Ranunculaceae
Pulsatilla;vulgaris;Ranunculaceae
Pyrula;minor;
Pyrula;uniflora;
Quercus;ilex;Fagaceae
Quercus;pubescens;Fagaceae
Quercus;robur;Fagaceae
Quercus;rubra;Fagaceae
Radiola;pamiroalaica;Linaceae
Ramonda;myconi;Gesneriaceae
Ramonda;nathaliae;Gesneriaceae
Ramonda;serbica;Gesneriaceae
Ramondia;myconii;Gesneriaceae
Ramondia;pyrenaica;Gesneriaceae
Ranunchulus;caucasicus;Ranunculaceae
Ranunculus;aconitifolius;Ranunculaceae 
Ranunculus;acris;Ranunculaceae 
Ranunculus;aduncus;Ranunculaceae 
Ranunculus;alpestris;Ranunculaceae 
Ranunculus;brevifolius;Ranunculaceae
Ranunculus;bulberus;Ranunculaceae
Ranunculus;bulbosus;Ranunculaceae 
Ranunculus;caucasicus;Ranunculaceae
Ranunculus;ficaria;Ranunculaceae
Ranunculus;glacialis;Ranunculaceae 
Ranunculus;gr.;Ranunculaceae 
Ranunculus;gramineus;Ranunculaceae
Ranunculus;hybride;Ranunculaceae 
Ranunculus;hybridus;Ranunculaceae
Ranunculus;lanuginosus;Ranunculaceae 
Ranunculus;lingua;Ranunculaceae
Ranunculus;montanus;Ranunculaceae 
Ranunculus;paludosus;Ranunculaceae 
Ranunculus;parnassifolius;Ranunculaceae
Ranunculus;sciotinus;Ranunculaceae
Ranunculus;serpens;Ranunculaceae 
Ranunculus;thora;Ranunculaceae
Ranunculus;traunfellerie;Ranunculaceae
Ranunculus;tuberosus;Ranunculaceae 
Raoulia;australis;Asteraceae
Raoulia;subsericea;Asteraceae
Raponticum;pulchrum;Asteraceae
Raponticum;scariosum;Asteraceae
Reseda;complicata;Resedaceae
Reseda;glauca;Resedaceae 
Reseda;gluauca;Resedaceae
Reum;franzenbadi;Polygonaceae
Rhamnus;alpina;Rhamnaceae
Rhamnus;cathartica;Rhamnaceae 
Rhamnus;diamantica;Rhamnaceae 
Rhamnus;pumila;Rhamnaceae 
Rhaponticum;coniferum;Asteraceae
Rhaponticum;integrifolium;Asteraceae
Rhaponticum;scariosum;Asteraceae
Rheum;raponticum;Polygonaceae
Rheum;tibeticum;Polygonaceae
rho;;Caryophylaceae
Rhodiola;arcatica;Crassulaceae
Rhodiola;heterodonta;Crassulaceae
Rhodiola;rosea;Crassulaceae
Rhodiola;sp;Crassulaceae
Rhododendron;[illisible];Ericaceae
Rhododendron;adenogynum;Ericaceae
Rhododendron;ambiguum;Ericaceae
Rhododendron;arboreum;Ericaceae
Rhododendron;brachyanthum;Ericaceae
Rhododendron;brachycarpum;Ericaceae
Rhododendron;caesium;Ericaceae
Rhododendron;calostrotum;Ericaceae
Rhododendron;camtschaticum;Ericaceae
Rhododendron;canadense;Ericaceae
Rhododendron;carolinianum;Ericaceae
Rhododendron;catabiense;Ericaceae
Rhododendron;catawbiense;Ericaceae
Rhododendron;catawens;Ericaceae
Rhododendron;caucasicum;Ericaceae
Rhododendron;chaeto;Ericaceae
Rhododendron;chamae-thomsonii;Ericaceae
Rhododendron;cinnabarium;Ericaceae
Rhododendron;citriniflorum;Ericaceae
Rhododendron;compylogyrum;Ericaceae
Rhododendron;ferrugineum;Ericaceae
Rhododendron;fimbriatum;Ericaceae
Rhododendron;flavidum;Ericaceae
Rhododendron;forrestii;Ericaceae
Rhododendron;glaucophyllum;Ericaceae
Rhododendron;glomerulatum;Ericaceae
Rhododendron;hanceanum;Ericaceae
Rhododendron;hippophaeoides;Ericaceae
Rhododendron;hirsutum;Ericaceae
Rhododendron;hyppophaeoides;Ericaceae
Rhododendron;impeditum;Ericaceae
Rhododendron;impeditumcarolinianum;Ericaceae
Rhododendron;insigne;Ericaceae
Rhododendron;intermedium;Ericaceae
Rhododendron;keleticum;Ericaceae
Rhododendron;kotschyi;Ericaceae
Rhododendron;lapponicum;Ericaceae
Rhododendron;lepidostylum;Ericaceae
Rhododendron;lepidotum;Ericaceae
Rhododendron;maximum;Ericaceae
Rhododendron;metternichii;Ericaceae
Rhododendron;microgynum;Ericaceae
Rhododendron;minus;Ericaceae
Rhododendron;nivale;Ericaceae
Rhododendron;nudiflorum;Ericaceae
Rhododendron;ponticum;Ericaceae
Rhododendron;praecox;Ericaceae
Rhododendron;racemosum;Ericaceae
Rhododendron;radicans;Ericaceae
Rhododendron;radistrotum;Ericaceae
Rhododendron;russatum;Ericaceae
Rhododendron;sagittatum;Ericaceae
Rhododendron;saluenense;Ericaceae
Rhododendron;scabrifolium;Ericaceae
Rhododendron;schlippenbachii;Ericaceae
Rhododendron;scintillans;Ericaceae
Rhododendron;sp.;Ericaceae
Rhododendron;thomsonii;Ericaceae
Rhododendron;uniflorum;Ericaceae
Rhododendron;violaceum;Ericaceae
Rhododendron;williamsianum;Ericaceae
Rhododendron;zinna;Ericaceae
Rhododendrum;camtschaticum;Ericaceae
Rhododendrum;claucophyllum;Ericaceae
Rhododendrum;ferrugineum;Ericaceae
Rhododendrum;viscosum;Ericaceae
Rhododendrumradistrotum;;Ericaceae
Rhodothamnus;chamaecistus;Ericaceae
Rhus;orientalis;Rutaceae
Ribes;alpinum;Grossulariaceae 
Ribes;glacialis;Saxifragaceae
Ribes;petraeum;Saxifragaceae
Ribes;rubrum;Grossulariaceae 
Ribes;spicatum;Saxifragaceae
Ribes;uva-crispa;Saxifragaceae
Ribes;watsonianum;Saxifragaceae 
Rodgersia;aesubifolia;
Rodiola;stephanii;
Rorippa;stylosa;Brassicaceae 
Rosa;acicularis;Rosaceae 
Rosa;acicularis;Rosaceae
Rosa;agrestis;Rosaceae
Rosa;agrestis;Rosaceae 
Rosa;amblyotis;Rosaceae 
Rosa;amblyotis,;Rosaceae
Rosa;arkansana;Rosaceae 
Rosa;arnoldii;Rosaceae 
Rosa;arvensis;Rosaceae 
Rosa;baicalensis;Rosaceae 
Rosa;bella;Rosaceae
Rosa;brunanis;Rosaceae 
Rosa;canina;Rosaceae 
Rosa;carolina;Rosaceae
Rosa;"Charles	Rosaceae ";
Rosa;coriifolia;Rosaceae 
Rosa;corymbifera;Rosaceae 
Rosa;cynnamomea;Rosaceae
Rosa;davurica;Rosaceae 
Rosa;davurica;Rosaceae
Rosa;dumalis;Rosaceae
Rosa;dumalis;Rosaceae 
Rosa;eglantaria;Rosaceae 
Rosa;gallica;Rosaceae 
Rosa;giraldii;Rosaceae
Rosa;glauca;Rosaceae 
Rosa;glauca;Rosaceae
Rosa;huntica;Rosaceae
Rosa;hyghdownensis;Rosaceae
Rosa;jundzillii;Rosaceae 
Rosa;kamtschatica;Rosaceae
Rosa;laxa;Rosaceae
Rosa;majalis;Rosaceae 
Rosa;micrantha;Rosaceae
Rosa;moyesii;Rosaceae 
Rosa;multibracteata;Rosaceae
Rosa;nitida;Rosaceae
Rosa;nutkana;Rosaceae
Rosa;nutkana;Rosaceae 
Rosa;omeiensis;Rosaceae
Rosa;omissa;Rosaceae 
Rosa;oxydon;Rosaceae
Rosa;pendulina;Rosaceae 
Rosa;pisocarpa;Rosaceae 
Rosa;reversa;Rosaceae 
Rosa;rhaetica;Rosaceae 
Rosa;rousseaviorum;Rosaceae 
Rosa;rubifolia;Rosaceae
Rosa;rubiginosa;Rosaceae
Rosa;rugosa;Rosaceae
Rosa;scabriuscula;Rosaceae
Rosa;sherardii;Rosaceae 
Rosa;spinosissima;Rosaceae 
Rosa;squarrosa;Rosaceae 
Rosa;subcanina;Rosaceae 
Rosa;tebeydensis;Rosaceae 
Rosa;vagiana;Rosaceae 
Rosa;villosa;Rosaceae 
Rosa;vosagiaca;Rosaceae 
Rosa;woodsii;Rosaceae
Rosa;xanthina;Rosaceae 
Roscoca;alpina;
Roscoea;alpina;Zingiberaceae
Roscoea;cautleoides;Zingiberaceae
Roscoea;humeana;Zingiberaceae 
Rubus;fruticosus;Rosaceae 
Rubus;micans;Rhamnaceae 
Rubus;odoratus;Rosaceae
Rubus;radula;Rosaceae 
Rubus;scenicus;Rhamnaceae 
Rubus;ursinus;Rhamnaceae 
Rudbeckia;laciniata;Asteraceae
Rume;alpinus;Polygonaceae 
RumeTianschanicum;;Polygonaceae
Rumex;crispus;Polygonaceae 
Sali;alpina;Salicaceae
Sali;appendiculata;Salicaceae
Sali;breviserrata;Salicaceae
Sali;caprea;Salicaceae
Sali;foetida;Salicaceae 
Sali;glabra;Salicaceae
Sali;hastata;Salicaceae
Sali;helvetica;Salicaceae
Sali;myrsinites;Salicaceae
Sali;myrtilloides;Salicaceae
Sali;purpurea;Salicaceae
Sali;reticulata;Salicaceae
Sali;serpyillifolia;Salicaceae
Sali;serpyllifolia;Salicaceae
Sali;sp.;Salicaceae
Saliarbuscula;;Salicaceae
Salicaprea;L.;Salicaceae
Salicrategifolia;Bertol.;Salicaceae
Salilindleyana;;Salicaceae
Salimyrtilloides;L.;Salicaceae
Salipolaris;Wahl.;Salicaceae
Salirepens;L.;Salicaceae
Salireticulata;L.;Salicaceae
Saliretuclata;?;Salicaceae
Saliretusa;L.;Salicaceae
Saliretusa;ssp.;Salicaceae
Saliserpifolia;Cang;Salicaceae
Salisp.;;Salicaceae
Salix;alpina;Salicaceae 
Salix;breviserrata;Salicaceae
Salix;caprea;Salicaceae 
Salix;crataegifolia;Salicaceae 
Salix;foetida;Salicaceae 
Salix;fragilis;Salicaceae 
Salix;grahamii;Salicaceae 
Salix;hastata;Salicaceae 
Salix;hegetschweileri;Salicaceae 
Salix;helvetica;Salicaceae 
Salix;herbacea;Salicaceae 
Salix;himalaicum;Salicaceae 
Salix;hybride;Salicaceae 
Salix;myrsinifolia;Salicaceae 
Salix;polaris;Salicaceae 
Salix;purpurea;Salicaceae 
Salix;pyrenaica;Salicaceae
Salix;reticulata;Salicaceae 
Salix;retusa;Salicaceae
Salix;rotundifolia;Salicaceae 
Salix;serpyllifolia;Salicaceae 
Salix;sp.;Salicaceae 
Salixgrehemii;Borr.;Salicaceae
Salvia;bulleyana;Lamiaceae
Salvia;glutinosa;Lamiaceae 
Salvia;glutionosa;Lamiaceae
Salvia;officinalis;Lamiaceae 
Salvia;praewalskii;Lamiaceae
Salvia;verticillata;Lamiaceae
Sambucus;nigra;Caprifoliaceae
Sambucus;nigra;Adoxaceae
Sambucus;racemosa;Caprifoliaceae
Samolus;valerandi;Primulaceae 
Sanguisorba;alpina;Rosaceae
Sanguisorba;canadensis;Rosaceae
Sanguisorba;minor;Rosaceae
Sanguisorba;officinalis;Rosaceae
Sanicula;europaea;Apiaceae
Santolina;corsica;Asteraceae
Santolina;pinnata;Asteraceae
Santolina;rosmarinifolia;Asteraceae
Saponaria;bellidifolia;Caryophyllaceae
Saponaria;boissieri;Caryophyllaceae
Saponaria;caespitosa;Caryophyllaceae
Saponaria;cypria;Caryophyllaceae
Saponaria;laeta;
Saponaria;lutea;Caryophyllaceae
Saponaria;ocymoides;Caryophyllaceae
Saponaria;officinalis;Caryocaraceae 
Saponaria;officinalis;Caryophyllaceae
saponaria;olivana;Caryophyllaceae
Saponaria;pumila;Caryophyllaceae
Saponaria;wiemannii;Caryophyllaceae
Saponariaoliana;Vocke;Caryophyllaceae
Saponariaolivana;Wocke;Caryophyllaceae
Saracenia;purpurea;Sarraceniaceae
Sarcenia;rubra;
Sarracenia;purpurea;Sarraceniaceae
Satureja;menthifolia;Lamiaceae 
Satureja;montana;Lamiaceae
Satureja;subspicata;Lamiaceae 
Saturey;montana;Lamiaceae
Saussurea;albicans;Asteraceae
Saussurea;alpina;Asteraceae
Saussurea;candicans;Asteraceae
Saussurea;discolor;Asteraceae
Saussurea;lappa;Asteraceae
Saussurea;parviflora;Asteraceae
Saussurea;pygmaea;Asteraceae
Saussurea;ussuriensis;Asteraceae
Saxifraga;petraea;Saxifragaceae
Saxifraga;afghanica;Saxifragaceae
Saxifraga;aicuon;Saxifragaceae
Saxifraga;aizoides;Saxifragaceae
Saxifraga;aizoon;Saxifragaceae
Saxifraga;apiculata;Saxifragaceae
Saxifraga;aquatica;Saxifragaceae
Saxifraga;biflora;Saxifragaceae 
Saxifraga;bilekii;Saxifragaceae 
Saxifraga;borisii;Saxifragaceae
Saxifraga;boydii;Saxifragaceae 
Saxifraga;bratutiana;Saxifragaceae
Saxifraga;bryoides;Saxifragaceae 
Saxifraga;burseriana;Saxifragaceae
Saxifraga;caesia;Saxifragaceae 
Saxifraga;caespitosa;Saxifragaceae
Saxifraga;callosa;Saxifragaceae 
Saxifraga;carbariensis;Saxifragaceae
Saxifraga;caucasica;Saxifragaceae
Saxifraga;cervicornis;Saxifragaceae 
Saxifraga;cochlearis;Saxifragaceae
Saxifraga;composii;Saxifragaceae
Saxifraga;continentalis;Saxifragaceae
Saxifraga;corbariensis;Saxifragaceae
Saxifraga;cotyledon;Saxifragaceae 
Saxifraga;crustata;Saxifragaceae
Saxifraga;cuneifolia;Saxifragaceae
Saxifraga;diapensioides;Saxifragaceae 
Saxifraga;elisabethae;Saxifragaceae 
Saxifraga;endoxiana;Saxifragaceae
Saxifraga;exarata;Saxifragaceae 
Saxifraga;federici-augusti;Saxifragaceae
Saxifraga;ferdinand-coburgii;Saxifragaceae 
Saxifraga;ferdinandi;Saxifragaceae 
Saxifraga;florulenta;Saxifragaceae
Saxifraga;fluitchang;Saxifragaceae
Saxifraga;fragosoi;Saxifragaceae 
Saxifraga;franzii;Saxifragaceae
Saxifraga;geranioides;Saxifragaceae
Saxifraga;geuderi;Saxifragaceae
Saxifraga;geum;Saxifragaceae
Saxifraga;godseffiana;
Saxifraga;hirculus;Saxifragaceae
Saxifraga;hostii;Saxifragaceae
saxifraga;jendingii;Saxifragaceae 
Saxifraga;jendinii;Saxifragaceae 
Saxifraga;juniperifolia;Saxifragaceae
Saxifraga;kellereri;Saxifragaceae 
Saxifraga;kolbiana;Saxifragaceae 
Saxifraga;lanto..ii;Saxifragaceae
Saxifraga;lantosana;Sxifragaceae
Saxifraga;lingulata;Saxifragaceae
Saxifraga;longifolia;Saxifragaceae 
Saxifraga;luteipurpurea;Saxifragaceae 
Saxifraga;macnabiana;Saxifragaceae
Saxifraga;marginata;Saxifragaceae
Saxifraga;montavoniensis;Saxifragaceae
Saxifraga;oppositifolia;Saxifragaceae 
Saxifraga;paniculata;Saxifragaceae 
Saxifraga;paniculata;Saxifragaceae
Saxifraga;patrascii;Saxifragaceae
Saxifraga;paulinae;Saxifragaceae
Saxifraga;pedatifida;Saxifragaceae 
Saxifraga;pedemontana;Saxifragaceae
Saxifraga;praetutiana;Saxifragaceae 
Saxifraga;prawislava;Saxifragaceae
Saxifraga;pseudo-kotschyl,;Saxifragaceae
Saxifraga;pseudo-valdensis;Saxifragaceae
Saxifraga;pseudo.;Saxifragaceae
Saxifraga;pseudosancta;Saxifragaceae
Saxifraga;retusa;Saxifragaceae 
Saxifraga;rhodaphaea;Saxifragaceae
Saxifraga;rochelina;Saxifragaceae
Saxifraga;rosacea;"Saxifragaceae
Saxifraga"""
Saxifraga;rotundifolia;Saxifragaceae 
Saxifraga;scardica;Saxifragaceae
Saxifraga;seguieri;Saxifragaceae 
Saxifraga;sieberi;Saxifragaceae
Saxifraga;squarrosa;Saxifragaceae 
Saxifraga;stellaris;Saxifragaceae 
Saxifraga;stormonthii;Saxifragaceae
Saxifraga;tormentosa;Saxifragaceae
Saxifraga;trifurcata;Saxifragaceae
Saxifraga;umbrosa;Saxifragaceae 
Saxifraga;umbrosa;Saxifragaceae
Saxifraga;valdensis;Saxifragaceae 
Saxifraga;vandelli;Saxifragaceae
Saxifraga;virginensis;Saxifragaceae
Saxifragaboissieri;(caespit.ocymoides);Saxifragaceae
Saxifragafaldonside;(aret.marg.;Saxifragaceae
Saxifragafritschiana;Kell.;Saxifragaceae
Saxifragakellereri;Siind;Saxifragaceae
Saxifragalandaueri;;Saxifragaceae
Saxifragapraecutiana;;Saxifragaceae
Saxifragastormonthi;;Saxifragaceae
Scabiosa;caucasica;Dipsacaceae
Scabiosa;cinerea;Dipsacaceae
Scabiosa;columbaria;Caprifoliaceae
Scabiosa;graminifolia;Dipsacaceae
Scabiosa;lucida;Caprifoliaceae
Scabiosa;ochroleuca;Dipsacaceae
Scabiosa;silenifolia;Caprifoliaceae
Scabiosa;triandra;Caprifoliaceae
Schivereckia;bornmuelleri;Brassicaceae 
Schivereckia;doerfleri;Brassicaceae
Schivereckia;podolica;Brassicaceae 
Scleria;tatrae;
Scorzonera;austriaca;Asteraceae
Scorzonera;humilis;Asteraceae
"Scrophulariaceae \\""	""	""
Scutellaria""";alpina;Lamiaceae 
Scutellaria;alpina;Lamiaceae
Scutellaria;alpina;Scrophulariaceae
Scutellaria;orientalis;Lamiaceae
Scutellaria;pontica;Lamiaceae
Scutellaria;taurica;Lamiaceae
Sedecum;telephium;Crassulaceae
Sedum;acre;Crassulaceae
Sedum;aizoon;Crassulaceae
Sedum;album;Crassulaceae
Sedum;alpestre;Crassulaceae
Sedum;amplexicaule;Crassulaceae
Sedum;anacampseros;Crassulaceae
Sedum;anopetalum;Crassulaceae
Sedum;athoum;Crassulaceae
Sedum;atratum;Crassulaceae
Sedum;brevifolium;Crassulaceae
Sedum;caucasium;Crassulaceae
Sedum;dizoon;Crassulaceae
Sedum;douglasii;Crassulaceae
Sedum;ellecombienum;Crassulaceae
Sedum;ewersii;Crassulaceae
Sedum;forsterianum;Crassulaceae
Sedum;gracile;Crassulaceae
Sedum;gypsicolum;Saxifragaceae
Sedum;gypsicolum;Crassulaceae
Sedum;heterodontum;Crassulaceae
Sedum;hybridum;Crassulaceae
Sedum;kamtschaticum;Crassulaceae
Sedum;kurilense;Crassulaceae
Sedum;lucidum;Crassulaceae
Sedum;lydium;Crassulaceae
Sedum;maximum;Crassulaceae
Sedum;middendorffianum;Crassulaceae
Sedum;monregalense;Crassulaceae
Sedum;o..ro...;Crassulaceae
Sedum;ochroleucum;Crassulaceae
Sedum;pallidum;Crassulaceae
Sedum;pellictum;Crassulaceae
Sedum;pluricaule;Crassulaceae
Sedum;reflexum;Crassulaceae
Sedum;rosea;Crassulaceae
Sedum;roseum;Crassulaceae
Sedum;rubrotinctum;Crassulaceae
Sedum;rupestre;Crassulaceae
Sedum;sachaliense;Crassulaceae
Sedum;sartorianum;Crassulaceae
Sedum;Sediforme;Crassulaceae
Sedum;selskianum;Crassulaceae
Sedum;serpentinii;Crassulaceae
Sedum;sexangulare;Crassulaceae
Sedum;Silboldii;Crassulaceae
Sedum;sparium;Crassulaceae
Sedum;sperrem..?;Crassulaceae
Sedum;spurium;Crassulaceae
Sedum;stoloniferum;Crassulaceae
Sedum;telephium;Crassulaceae
Sehiverezkie;podolica;
Selaginella;helvetica;Selaginellaceae
Semiaquilegia;ecalearata;
Semperv.;montanum;Crassulaceae
Sempervivum;adenotrichum;Crassulaceae
Sempervivum;alpinum;Crassulaceae
Sempervivum;andreanum;Crassulaceae
Sempervivum;arachnoideum;Crassulaceae
Sempervivum;arenarium;Crassulaceae
Sempervivum;atlanticum;Crassulaceae
Sempervivum;barbulatum;Crassulaceae
Sempervivum;calcareum;Crassulaceae
Sempervivum;cantabricum;Crassulaceae
Sempervivum;chavinii;Crassulaceae
Sempervivum;christii;Crassulaceae
Sempervivum;dolomiticum;Crassulaceae
Sempervivum;fauconnetii;Crassulaceae
Sempervivum;funckii;Crassulaceae
Sempervivum;funkii;Crassulaceae
Sempervivum;giuseppii;Crassulaceae
Sempervivum;globiferum;Crassulaceae
Sempervivum;grandiflorum;Crassulaceae
Sempervivum;heerianum;Crassulaceae
Sempervivum;heuffelii;Crassulaceae
Sempervivum;huteri;Crassulaceae
Sempervivum;hybride;Crassulaceae
Sempervivum;italicum;Crassulaceae
Sempervivum;kindingeri;Crassulaceae
Sempervivum;kopaonikensis;Crassulaceae
Sempervivum;kosaninii;Crassulaceae
Sempervivum;marmoreum;Crassulaceae
Sempervivum;minutum;Crassulaceae
Sempervivum;montanum;Crassulaceae
Sempervivum;montanumcalcareum;Crassulaceae
Sempervivum;montanumtectorum;Crassulaceae
Sempervivum;murale;Crassulaceae
Sempervivum;piliferum;Crassulaceae
Sempervivum;pittonii;Crassulaceae
Sempervivum;pumillum;Crassulaceae
Sempervivum;roseum;Crassulaceae
Sempervivum;rubreum;Crassulaceae
Sempervivum;ruthenicum;Crassulaceae
Sempervivum;schottii;Crassulaceae
Sempervivum;soboliferum;Crassulaceae
Sempervivum;sp.;Crassulaceae
Sempervivum;tectorum;Crassulaceae
Sempervivum;vaccari;Crassulaceae
Sempervivum;widderi;Crassulaceae
Sempervivum;wulfenii;Crassulaceae
Sempervivum...;(montanumuniflori;Crassulaceae
Senecio;abrotanifolius;Asteraceae
Senecio;adonidifolius;Asteraceae
Senecio;alpinus;Asteraceae
Senecio;doronicum;Asteraceae
Senecio;greyii;Asteraceae
Senecio;halleri;Asteraceae
Senecio;incanus;Asteraceae
Senecio;jacobaea;Asteraceae
Senecio;obrotifolius;Asteraceae
Senecio;odonetifolius;Asteraceae
Senecio;umbrosus;Asteraceae
Seratula;radiata;Asteraceae
Seseli;annuum;Apiaceae
Seseli;gracile;Apiaceae
Seseli;montanum;Apiaceae
Seseli;nanum;Apiaceae
Sesleria;argentea;Poaceae
Sesleria;caerulea;Poaceae
Sesleria;coerulea;Poaceae
Sesleria;heufleriana;Poaceae
Sesleria;ia;Poaceae
Sesleria;sphaerocephala;Poaceae
Sesleria;tetrae;Poaceae
Sibbaldia;cuneata;Rosaceae
Sibbaldia;maxima;Rosaceae
Sibbaldia;maxima;Rosaceae 
Sibbaldia;parviflora;Rosaceae 
Sibiraea;laevigata;Rosaceae
Sidalcea;spicata;
Sideritis;euboea;Lamiaceae
Sideritis;hyssopifolia;Lamiaceae
Sideritis;taurica;Lamiaceae
Silene;acaulis;Caryophyllaceae
Silene;alpestris;Caryophyllaceae
Silene;bellidifolia;Caryophyllaceae
Silene;boryi;Caryophyllaceae
Silene;campanula;Caryophyllaceae
Silene;ciliata;Caryophyllaceae
Silene;coronaria;Caryophyllaceae
Silene;exscapa;Caryophyllaceae
Silene;flos-jovis;Caryophyllaceae
Silene;hayekiana;Caryophyllaceae
Silene;lanuginosa;Caryophyllaceae
Silene;multicaulis;Caryophyllaceae
Silene;nutans;Caryophyllaceae
Silene;parnassica;Caryophyllaceae
Silene;pyrenaica;Caryophyllaceae
Silene;reguienii;Caryophyllaceae
Silene;reichenbachii;Caryophyllaceae
Silene;requienii;Caryophyllaceae
Silene;saxifraga;Saxifragaceae
Silene;saxifraga;Caryophyllaceae
Silene;schafta;Caryophyllaceae
Silene;sendtucci;Caryophyllaceae
Silene;suecica;Caryophyllaceae
Silene;vallesia;Caryophyllaceae
Silene;viscaria;Caryophyllaceae
Silene;volgensis;Caryophyllaceae
Silene;vulgaris;Caryophyllaceae
Silene;zawadskii;Caryophyllaceae
Silene;zawadzkii;Caryophyllaceae
Silum;alliata;Apiaceae
Sinecio;Schwetzovil;Asteraceae
Sinopodophyllum;hexandrum;Berberidaceae
Sisymbricum;austriacum;Brassicaceae
Sisymbrium;strictissimum;Brassicaceae 
Sisyrinchium;angustifolium;Iridaceae
Sisyrinchium;c????Iatum;
Sisyrinchium;montanum;
Sisyrinchium;pachyrhizum;Iridaceae 
Sisyrincium;patagonicum;
Soldanella;alpina;Primulaceae 
Soldanella;montana;Primulaceae 
Soldanella;pusilla;Primulaceae 
Soliadago;graminifolia;Asteraceae
Solidago;chinoensis;Asteraceae
Solidago;spatalata;Asteraceae
Solidago;uliginosa;Asteraceae
Solidago;virgaurea;Asteraceae
Sorbus;aria;Rosaceae 
Sorbus;aucuparia;Rosaceae
Sorbus;cashmiriana;Rosaceae 
Sorbus;chamaemespilus;Rosaceae
Sorbus;chamaespilus;Rosaceae 
Sorbus;cuspidata;Rosaceae
Sorbus;erubescens;Rosaceae
Sorbus;intermedia;Rosaceae
Sorbus;mougeotii;Rosaceae 
Sorbus;torminalis;Rosaceae 
Spiraea;alba;Rosaceae 
Spiraea;bullata;Rosaceae
Spiraea;decumbens;Rosaceae 
Spiraea;japonica;Rosaceae
Spiraea;media;Rosaceae 
Spiraea;menziesii;
Spiraea;pubescens;Rosaceae 
Spiraea;salicifolia;Rosaceae 
Spiraea;sp.;Rosaceae 
Spirea;hyericifolia;Rosaceae
Stachys;alopecuros;Lamiaceae
Stachys;annua;Lamiaceae 
Stachys;lavendulifolie;Lamiaceae
Stachys;officinalis;Lamiaceae
Stachys;officinalis;Boraginaceae
Stachys;pradica;Lamiaceae 
Stachys;recta;Lamiaceae 
Staphylacca;trifolia;
Stellaria;graminea;Caryophyllaceae
Stemmacantha;pulchra;Asteraceae
Stemmacantha;rapuntica;Asteraceae
Stemmacantha;rhapontica;Asteraceae
Stemmacantha;serratuloides;Asteraceae
Stipa;calamagrostis;Poaceae
Stipa;capillata;Poaceae
Stipa;eriocaulis;Poaceae
Stipa;pennata;Poaceae
Stipa;stenophylla;Poaceae
Streptopus;amplexifolius;Liliaceae
Struthiopteris;spicant;Blechnaceae
Surbus;aucuparia;Rosaceae 
Swertia;longifolia;Gentianaceae
Swertia;perfoliata;Gentianaceae
Swertia;petiolata;Gentianaceae
Swertia;speciosal;Gentianaceae
Swtia;kingii;
Symphoricarpos;albus;Caprifoliaceae
Symphyandra;armena;
Symphyandra;armeria;
Symphyotrichum;cordifolium;Asteraceae
Symphyotrichum;foliaceum;Asteraceae
Symphyotrichum;sericeum;Compositae 
Symphytum;officinale;Boraginaceae
Syringa;afghanica;Oleaceae
Syringa;amurensis;Oleaceae 
Syringa;emodii;Oleaceae
Syringa;homarowii;Oleaceae 
Syringa;persica;Oleaceae 
Syringa;reflexa;Oleaceae 
Tanaceatum;corymbosum;Asteraceae
Tanacetum;argenteum;Asteraceae
Tanacetum;audibertii;Asteraceae
Tanacetum;balsamita;Asteraceae
Tanacetum;haradjanii;Asteraceae
Tanacetum;vulgare;Asteraceae
Taraxacum;crocianum;Asteraceae
Taraxacum;dissectum;Asteraceae
Taraxacum;fulvum;Asteraceae
Taraxacum;pacheri;Asteraceae
Taraxacum;sect.;Asteraceae
Taraxaxum;montanum;Asteraceae
Taxus;baccata;Taxaceae
Taxus;cuspidata;Taxaceae
Telekia;speciosissima;Asteraceae
Telephium;imperati;Molluginaceae
Tellima;grandiflora;Saxifragaceae
Tephroseris;integrifolia;Asteraceae
Teucrium;aureum;Lamiaceae 
Teucrium;botrys;Lamiaceae 
Teucrium;chamaedrys;Lamiaceae
Teucrium;lucitum;Lamiaceae
Teucrium;marum;Lamiaceae 
Teucrium;montanum;Lamiaceae
Teucrium;musimonum;Lamiaceae
Teucrium;polium;Lamiaceae 
Teucrium;pyrenaicum;Lamiaceae
Thalictrum;aquaule;Ranunculaceae
Thalictrum;aquilegiifolium;Ranunculaceae
Thalictrum;dipterocarpum;Ranunculaceae
Thalictrum;foetidum;Ranunculaceae 
Thalictrum;lucidum;Ranunculaceae
Thalictrum;minus;Ranunculaceae
Thlaspi;montanum;Brassicaceae 
Thlaspi;montanum;Brassicaceae
Thlaspi;praecox;Brassicaceae
Thlaspi;rotundifolium;Brassicaceae 
Thlaspi;virens;Brassicaceae 
Thuja;occidentalis;Cupressaceae
Thuja;plicata;Cupressaceae
Thuja;sp.;Cupressaceae
Thujopsis;dolobrata;Cupressaceae
Thuya;occidentalis;Cupressaceae
Thymum;spec.;Lamiaceae
Thymus;alp....;Lamiaceae
Thymus;alpestris;Lamiaceae 
Thymus;alpigenus;Lamiaceae
Thymus;alvinoides;Lamiaceae
Thymus;argaeus;Lamiaceae
Thymus;cherlerioides;Lamiaceae
Thymus;comosus;Lamiaceae
Thymus;dalmaticus;Lamiaceae
Thymus;doerfleri;Lamiaceae
Thymus;glabrescens;Lamiaceae
Thymus;herba-barona;Lamiaceae 
Thymus;hiersutus;Lamiaceae
Thymus;humifusus;Lamiaceae
Thymus;hybride;Lamiaceae
Thymus;japonicus;Lamiaceae
Thymus;kozo-polyanski;Lamiaceae
Thymus;langicaulis;Lamiaceae 
Thymus;longicaulis;Lamiaceae
Thymus;markhotensis;Lamiaceae 
Thymus;nervosus;Lamiaceae
Thymus;nervosus;Lamiaceae 
Thymus;nitens;Lamiaceae 
Thymus;oenipontanus;Lamiaceae 
Thymus;pannonicus;Lamiaceae
Thymus;parnassicus;Lamiaceae
Thymus;plygoides;Lamiaceae
Thymus;praecox;Lamiaceae
Thymus;pseudonummularium;Lamiaceae
Thymus;pulegioides;Lamiaceae
Thymus;richardii;Lamiaceae
Thymus;serphyllum;Lamiaceae
Thymus;serpyllum;Lamiaceae
Thymus;sylvestris;Pinaceae
Thymus;transcespicum;Lamiaceae
Thymus;vulgaris;Lamiaceae
Thymuscitriederus;citriodorus;Lamiaceae
Tiarella;cordifolia;
Tilia;cordata;Tiliaceae 
Tilia;platyphyllos;Malvaceae 
Toelocarpus;nivalis;
Tofielda;paliculata;Liliaceae
Tofieldia;calyculata;Liliaceae
Tofieldia;pusilla;Tofieldiaceae 
Toflielda;calyculata;Tofieldiaceae
Torilis/Tragopogon/Geranium;arvensis;Apiaceae/Asteraceae/Geraniaceae
Traba;imbricata;
Tragopogon;porrifolius;Asteraceae
Trifolium;alpinum;Fabaceae 
Trifolium;arvense;Fabaceae 
Trifolium;fragiferum;Fabaceae 
Trifolium;medium;Fabaceae
Trifolium;repens;Fabaceae
Trifolium;saxatile;
Triglochin;palustris;Juncaginaceae
Trisetum;argenteum;Poaceae
Trisetum;distichophyllum;Poaceae
Trochiscanthes;nodiflora;Apiaceae
Trollius;asiaticus;Ranunculaceae
Trollius;europaeus;Ranunculaceae
Trollius;ledebouri;Ranunculaceae
Trollius;pumilius;Ranunculaceae
Trollius;redebouri;Ranunculaceae
Tropaeolum;peregrinum;
Tropeartum;peregrinum;
Tsuga;canadensis;Pinaceae
Tsuga;heterophylla;Pinaceae
Tulipa;agenensis;Liliaceae 
Tulipa;gesneriana;Liliaceae 
Tulipa;sylvestris;Liliaceae 
Tunica;illyrica;Caryophyllaceae
Tunica;saxifraga;Caryophyllaceae
Tymus;alsinoides;Lamiaceae 
Typha;minima;Typhaceae 
Uicia;dinara;
unleserlich;bifurca,;
Vaccinium;myrtillus;Ericaceae
Vaccinium;uliginosum;Ericaceae
Vaccinium;vitis-;Ericaceae
Vaccinium;vitis-idaea;Ericaceae
Vaccinium;vitis-idea;Ericaceae
Valeriana;alliariifolia;Valerianaceae
Valeriana;alternifolia;Valerianaceae
Valeriana;apula;
Valeriana;capitata;Valerianaceae
Valeriana;celtica;Valerianaceae 
Valeriana;celtica;Caprifoliaceae
Valeriana;globulariifolia;Valerianaceae
Valeriana;montana;Caprifoliaceae 
Valeriana;nitida;Valeriananceae
Valeriana;officinalis;Valerianaceae
Valeriana;pyrenaica;Caprifoliaceae
Valeriana;pyrenaica;Valerianaceae
Valeriana;salina;Valerianaceae
Valeriana;saliunca;Caprifoliaceae
Valeriana;saxatilis;Caprifoliaceae
Valeriana;sp.;Valerianaceae
Valeriana;supina;Valerianaceae
Valeriana;supina;Caprifoliaceae
Valeriana;tuberosa;Caprifoliaceae
Valerianella;locusta;Caprifoliaceae
Vancouveria;parviflora;
Vancouveris;hexandra;
Veratrum;nigrum;Melanthiaceae 
Verbascum;chaixii;Scrophulariaceae 
Verbascum;niorc...;Scrophulariaceae
Verbascum;phoeniceum;Scrophulariaceae
Verbascum;thapsus;Scrophulariaceae 
Veronica;alienses;Scrophulariaceae
Veronica;allionii;Plantaginaceae 
Veronica;apicata;Scrophulariaceae
Veronica;armena;Scrophulariaceae
Veronica;austriaca;Scrophulariaceae
Veronica;austriaca;Plantaginaceae 
Veronica;caucasica;Plantaginaceae 
Veronica;caucasica;Scrophulariaceae
Veronica;chamaedrys;Plantaginaceae 
Veronica;deltoides;Caryophyllaceae
Veronica;fruticans;Scrophulariaceae
Veronica;fruticulosa;Scrophulariaceae
Veronica;fruticulosa;Plantaginaceae 
Veronica;gentianoides;Scrophulariaceae
Veronica;gouanii;Scrophulariaceae
Veronica;incana;Scrophulariaceae
Veronica;jacquinii;Scrophulariaceae
Veronica;kiusiana;Scrophulariaceae
Veronica;komerowii;Scrophulariaceae
Veronica;krylovii;Plantaginaceae 
Veronica;liwanensis;Scrophulariaceae
Veronica;liwanensis;Plantaginaceae 
Veronica;longifolia;Scrophulariaceae
Veronica;lutea;Plantaginaceae 
Veronica;maritima;Scrophulariaceae
Veronica;montana;Plantaginaceae 
Veronica;officinalis;Plantaginaceae 
Veronica;peduncularis;Scrophulariaceae
Veronica;peregrina;Plantaginaceae 
Veronica;petraea;Scrophulariaceae
Veronica;ponae;Plantaginaceae 
Veronica;prostrata;Plantaginaceae 
Veronica;pseudofructicans;Scrophulariaceae
Veronica;pseudofruticans;Plantaginaceae 
Veronica;satureioides;Scrophulariaceae
Veronica;saturejoides;Plantaginaceae
Veronica;spicata;Plantaginaceae 
Veronica;spicata;Scrophulariaceae
Veronica;teucrium;Scrophulariaceae
Veronica;teucrium;Plantaginaceae 
Viburnum;lantana;Adoxaceae 
Viburnum;opulus;Adoxaceae
Vicia;montenegrina;Fabaceae 
Vicia;ochroleuca;Fabaceae 
Vicia;onobrychioides;Fabaceae 
Vicia;orobus;Fabaceae 
Vicia;pyrenaica;Fabaceae 
Vinca;minor;Apocynaceae
Vincetoxicum;hirundinaria;Apocynaceae
Viola;adunca;Violaceae
Viola;alba;Violaceae 
Viola;biflora;Violaceae 
Viola;cenisia;Violaceae 
Viola;collina;Violaceae 
Viola;cornuta;Violaceae
Viola;elatior;Violaceae
Viola;hirta;Violaceae 
Viola;hirtaodorata;Violaceae 
Viola;lutea;Violaceae 
Viola;mirabilis;Violaceae 
Viola;odorata;Violaceae
Viola;palmata;Violaceae
Viola;pedatifida;Violaceae
Viola;pinnata;Violaceae 
Viola;pyrenaica;Violaceae 
Viola;reichenbachiana;Violaceae 
Viola;riviniana;Violaceae 
Viola;rupestris;Violaceae 
Viola;sp.;Violaceae 
Viola;suavis;Violaceae 
Viscaria;vulgaris;Caryophyllaceae
Vitaliana;primuliflora;Primulaceae
Vulpia;myuros;Poaceae
Waldsteinia;ceoides;
Waldsteinia;fragarioides;
Waldsteinia;geoides;Rosaceae 
Wufenia;carinthiaca,;Scofulariaceae
Wulf;;
Wulfenia;carinthiaca;Plantaginaceae 
x;;Saxifragaceae 
Xatatia;scabra;
xxxeta;mussini;
Zizia;aptera;Apiaceae
Zizia;aurea;
;mollis;Primulaceae 
;suffruticosum;Linaceae 
